{ffe7f86f-d724-4936-9184-0b3756e33395},Student0 Name0,student0,CS205
{627213f8-9a34-4a00-a6d9-90fce02f157a},Student1 Name1,student1,CS150
{acfc8a72-21da-4db1-8e3e-58c63a7b39ba},Student2 Name2,student2,CS205
{22263a7e-a86b-4be9-a69a-5acd42ec1b3c},Student3 Name3,student3,CS205
{eed0f02c-4036-465b-acf8-8425afe6f83d},Student4 Name4,student4,CS205
{a06df095-1566-477c-8491-08b8d7408520},Student5 Name5,student5,CS205
{9727f8a9-a564-4e29-8237-420681a7253a},Student6 Name6,student6,CS150
{a6e61abe-5237-4bf4-bf57-d86385cf143a},Student7 Name7,student7,CS150
{9d03c275-72e3-4fdf-8e0b-e522869ba6bb},Student8 Name8,student8,CS205
{6bcf9577-8edd-40ae-b38c-004f49f8ec85},Student9 Name9,student9,CS205
{100e3bad-b56d-4a3c-bba5-ca9bccb972bb},Student10 Name10,student10,CS150
{23ae83ea-633b-4c45-9d72-211749819146},Student11 Name11,student11,CS205
{a0c5fbeb-9b6b-4ddf-b1cf-8eb2a903f654},Student12 Name12,student12,CS150
{5ef1be1d-9468-46ee-9fa0-1a6498b1179e},Student13 Name13,student13,CS205
{5388e9b2-b859-496a-8a47-3c4baa50786c},Student14 Name14,student14,CS205
{48ba6bec-bf35-46a3-9e4e-b5dd29fd3029},Student15 Name15,student15,CS150
{29d00469-b4c5-476d-b7bf-6f82fcbf63bf},Student16 Name16,student16,CS150
{43e30082-37b5-452a-a7a5-e096dc2767d9},Student17 Name17,student17,CS150
{9339fd00-7c5b-4688-9536-6b5570f75233},Student18 Name18,student18,CS150
{8dfd5417-c1c4-4774-a591-1e639c10e518},Student19 Name19,student19,CS150
{5a7be7ed-4bf5-4dd5-a741-538335a0cb57},Student20 Name20,student20,CS205
{199ecce1-e323-4a18-8b80-67793857bf4d},Student21 Name21,student21,CS150
{f4d30931-0488-4b14-9561-865f88b775cd},Student22 Name22,student22,CS205
{04db2869-3a56-4204-9422-dc50c64e9418},Student23 Name23,student23,CS205
{1be3af26-c2e9-4d6b-a923-b19a6ec77c82},Student24 Name24,student24,CS150
{d27912bb-f5f5-48dd-8b10-858add23694d},Student25 Name25,student25,CS150
{2538d4b3-11e2-4a0a-ad17-32fa54b177a7},Student26 Name26,student26,CS150
{7d50d4e5-c340-4dce-b3b4-4eb74c8b8a25},Student27 Name27,student27,CS205
{f6d83f96-0876-4a80-99f7-e76d99de188d},Student28 Name28,student28,CS205
{dc3a6e3e-3b5d-45a0-b414-667cbf313e1c},Student29 Name29,student29,CS205
{90655acd-f50d-4580-991a-d99566aa7802},Student30 Name30,student30,CS205
{a476373f-6043-452c-a5f6-1e0477845ac7},Student31 Name31,student31,CS150
{996b3876-f5d8-4d15-bf1a-b3c7ab9605c5},Student32 Name32,student32,CS150
{1a364409-d281-4326-83a7-7876c6ef84aa},Student33 Name33,student33,CS150
{4f5f9a0e-5212-45dd-bba2-1f8f121c59c3},Student34 Name34,student34,CS205
{0d9b56cf-3040-4269-8a07-e1ceae22004d},Student35 Name35,student35,CS205
{2ce315af-788a-452a-a60f-9893a79f0a4d},Student36 Name36,student36,CS205
{eeb16789-3451-45d7-af8f-78382dc55f1a},Student37 Name37,student37,CS150
{d900f0dc-2317-4a41-a338-2c79bcb74f65},Student38 Name38,student38,CS205
{57e72432-e0dd-4495-a6e9-4ea7a5f827c2},Student39 Name39,student39,CS150
{c0de9313-d0da-4032-ba63-e6b7823dfd57},Student40 Name40,student40,CS205
{98987645-f9fc-4d33-95c7-cc2bbb3a43ee},Student41 Name41,student41,CS205
{da1adb51-cd0a-46af-86b0-1b643b9848f7},Student42 Name42,student42,CS205
{faa6e795-09b1-4be6-b5c8-77f08000e3cb},Student43 Name43,student43,CS205
{2523d1b8-ffea-4c6c-b681-c72d440e365b},Student44 Name44,student44,CS150
{1ff1bdb4-1506-4ba1-9df3-f12eead3c93f},Student45 Name45,student45,CS205
{722d3f3d-5a27-4346-85bd-278299fae75c},Student46 Name46,student46,CS150
{760a22f8-ec46-4b37-be96-4a9cded7bcad},Student47 Name47,student47,CS150
{8db34323-d733-4203-9ecf-b6d45be30467},Student48 Name48,student48,CS205
{0f8b1f54-da1c-4406-8f63-f308d8d042c2},Student49 Name49,student49,CS150
{2f3c2484-6258-4333-aea6-682d51f67b64},Student50 Name50,student50,CS205
{7a7e41b8-d2eb-4d4f-a6bc-fb44f3f1f798},Student51 Name51,student51,CS150
{0a57c90f-efcc-4d66-87e8-8e13d622b2f4},Student52 Name52,student52,CS205
{7042671d-853e-412e-b375-e2c06e013814},Student53 Name53,student53,CS150
{12e254c4-2b4e-4636-86f1-81524b578b7c},Student54 Name54,student54,CS150
{2cd90341-9d9a-42ac-a6dc-d10c944ec358},Student55 Name55,student55,CS205
{fcf82f00-1a51-4cdd-b3c7-9ac2f7d17e34},Student56 Name56,student56,CS150
{fdacc579-4dd1-4f4a-93a2-12cd4f601eb4},Student57 Name57,student57,CS150
{a4323378-ed9b-42da-9f7c-f47233cebddd},Student58 Name58,student58,CS150
{372df2c6-8ce4-42f8-a34e-7bd95e49c05b},Student59 Name59,student59,CS205
{10fb0356-0f85-45a2-bc96-cb97aa4b036d},Student60 Name60,student60,CS205
{01135b8b-9545-4d69-9234-1f0de977f185},Student61 Name61,student61,CS205
{c2965741-7d45-428d-91c2-747583e424f9},Student62 Name62,student62,CS150
{022365c3-bfff-4a48-8dbf-344f0bde1ec1},Student63 Name63,student63,CS205
{128c54aa-cd55-4029-8b9b-9896277f1013},Student64 Name64,student64,CS150
{8d1c5dd1-4d9f-4885-9f8a-644957d39fb7},Student65 Name65,student65,CS205
{d7eb6a59-3fd2-498f-bc4b-7872e3f94aca},Student66 Name66,student66,CS150
{bb79f257-1d07-419c-ad96-e31939f6731f},Student67 Name67,student67,CS205
{c325ef2d-8a69-41ee-9d06-fac9f4b04d3b},Student68 Name68,student68,CS205
{a0fed2b3-3d79-4b15-8ffa-27e286632fca},Student69 Name69,student69,CS205
{81c89689-2c32-44b7-b7de-7d2f18597f55},Student70 Name70,student70,CS150
{f5716e99-816d-4afe-8f47-cf7e4029ebd0},Student71 Name71,student71,CS205
{50bc7e61-642a-4f79-a2cd-8436c9e4a6b2},Student72 Name72,student72,CS150
{83f9a14e-06cc-444f-ba00-d98495d567c9},Student73 Name73,student73,CS205
{5ee994b2-0635-4345-9b35-f62eb0543905},Student74 Name74,student74,CS150
{32a574f3-9b94-4a6b-bc61-b20e0540f54d},Student75 Name75,student75,CS205
{491fb4e6-c167-471d-b036-de04d7df225d},Student76 Name76,student76,CS150
{22e0d573-9567-4b2b-a178-3152d26beebd},Student77 Name77,student77,CS150
{d9bac0be-22c0-4cfe-9706-e1d1c0c90d85},Student78 Name78,student78,CS205
{739860b8-3ed4-4fb5-80a6-0a3010905dbc},Student79 Name79,student79,CS150
{0db97a0f-df67-43b7-bfc6-c0eb6d1542fd},Student80 Name80,student80,CS205
{11ec9626-3cc1-4227-8ed6-3392d1efd2b7},Student81 Name81,student81,CS150
{00cd5af5-e4c7-45b2-a9bc-67b8300c8b43},Student82 Name82,student82,CS150
{409808fb-e5de-4815-a868-c4c9b52253c7},Student83 Name83,student83,CS150
{67d4ce09-28af-4a55-83bd-69da715731d1},Student84 Name84,student84,CS150
{b4ce1f15-3c36-4ab7-b620-b2b0bc920e0f},Student85 Name85,student85,CS150
{31139fc4-6d02-4db8-bf13-c8a4cf9d48e1},Student86 Name86,student86,CS205
{921ef956-e29a-4264-87f8-6bb56af0a3e8},Student87 Name87,student87,CS205
{eb70d10a-c296-48e6-8528-f7a59347c17f},Student88 Name88,student88,CS150
{e1029634-4b26-4aff-9a80-45c1be19ddf0},Student89 Name89,student89,CS205
{4b8a7c0f-328f-42bf-a987-41b897929347},Student90 Name90,student90,CS150
{d4d2a1cc-14d1-46bd-b5b9-56c5285f7d8b},Student91 Name91,student91,CS150
{11c1bb46-666e-4d7a-b2ac-28e3edcb0ee9},Student92 Name92,student92,CS150
{c85e8d59-c3c0-4e71-b2a0-ce901d882c06},Student93 Name93,student93,CS150
{ec995433-f62a-4753-88ca-0a8c2c90a7f9},Student94 Name94,student94,CS205
{bc9e341a-83c9-44c5-bc31-edfceb2f1c6b},Student95 Name95,student95,CS150
{a18b227a-4722-4543-970c-0983a384abf5},Student96 Name96,student96,CS150
{26315187-e96b-4148-ad3f-50250447fc49},Student97 Name97,student97,CS150
{bfd4fe78-9a55-43d3-83b4-a968acfdb81e},Student98 Name98,student98,CS150
{33206089-13e4-40ff-9eb8-ba6e4ad2c68c},Student99 Name99,student99,CS205
{b2e64ce4-c4c3-4824-805d-b3c153cf24b4},Student100 Name100,student100,CS205
{386715fe-25b7-4e3c-9d78-92481634addc},Student101 Name101,student101,CS150
{8a55bff2-4e54-4a18-b068-a8bf5249421b},Student102 Name102,student102,CS150
{e8fddd58-27cc-4731-bfcc-974e4e51fd3f},Student103 Name103,student103,CS150
{8f614ca3-d889-4ce1-9e89-b90ebc9de7bc},Student104 Name104,student104,CS205
{23354098-7d49-4a60-8897-a64c38d4aa99},Student105 Name105,student105,CS205
{52ad1a11-9705-4782-bd33-582b2159413b},Student106 Name106,student106,CS205
{93445c2e-3474-4ab0-9d5c-553a37804d64},Student107 Name107,student107,CS150
{c534c826-263d-4ff3-bffb-b61e09565579},Student108 Name108,student108,CS205
{806e099d-c57d-498c-a40c-3b2f23ec0260},Student109 Name109,student109,CS150
{a6cb263d-6882-4e29-b1dc-8e2bb428afda},Student110 Name110,student110,CS150
{92b29e3e-5600-429b-8fd3-32c40ea66c68},Student111 Name111,student111,CS150
{4b12c520-2326-42e9-b0e8-92e905c0981e},Student112 Name112,student112,CS205
{e1429631-9ea7-4999-955d-35be8dd8cab1},Student113 Name113,student113,CS150
{23e3f13f-a7d7-4e7c-bc09-761e59f39931},Student114 Name114,student114,CS150
{75798677-35e0-4cc4-8b23-cd6a011d1652},Student115 Name115,student115,CS205
{7af83ed8-7405-4f1d-bc8a-a7e3fc548660},Student116 Name116,student116,CS205
{56f38145-19d7-45ea-bd39-860343e310ad},Student117 Name117,student117,CS205
{1a950438-222d-40de-816d-189fa7814259},Student118 Name118,student118,CS150
{febf2014-4139-4d20-8091-fdcbeaa82e1b},Student119 Name119,student119,CS205
{e9b2f187-db34-4326-b951-bd45ad32aa5c},Student120 Name120,student120,CS150
{ae6dff8c-f57d-4c0e-9254-57b04cb9d317},Student121 Name121,student121,CS205
{5b2284c9-ccbf-46d0-b4a7-7e226067557a},Student122 Name122,student122,CS205
{3cc0e0b5-451e-4a41-bdcd-3a1e0855d49b},Student123 Name123,student123,CS205
{d62df4e1-b1e4-44d7-8ae2-96d74fafba84},Student124 Name124,student124,CS205
{5db6aa78-3e99-465f-ad90-9463ad8d55e5},Student125 Name125,student125,CS205
{ef4e5cb8-8cbc-4fe0-8ca3-b97e66c65acc},Student126 Name126,student126,CS205
{1f1dbc96-f433-4b91-ae70-1c26f3eaf3aa},Student127 Name127,student127,CS205
{0f0e20d2-eedb-4be5-bcf6-aa1104b5f0d2},Student128 Name128,student128,CS205
{5ea7cb93-65d6-4688-97b4-3d7edadb9f4a},Student129 Name129,student129,CS205
{c0ea6071-7d2d-482c-bf74-32e69a1cc758},Student130 Name130,student130,CS205
{2c035731-483b-4528-8728-dc4eb21d1b2c},Student131 Name131,student131,CS150
{32fe87bb-c724-4510-87c9-98febdd97eb7},Student132 Name132,student132,CS205
{5077191d-bf8e-4764-a9e0-a95c3d5a2014},Student133 Name133,student133,CS205
{c8ad14a8-2ee7-47d7-a266-1a30b5270e46},Student134 Name134,student134,CS150
{cea95159-8c90-497d-ac9c-dca4b5c8d8a6},Student135 Name135,student135,CS205
{ebe8abe8-c041-4f9f-bc64-b9ecea866a9a},Student136 Name136,student136,CS150
{ea6f8072-7a3e-4003-a446-df15998e04ea},Student137 Name137,student137,CS205
{8d4b9fcf-0608-4aa7-a9b2-37d306c7cfc7},Student138 Name138,student138,CS205
{49ff2eff-09d4-4309-89a5-c8cb77a4e0cf},Student139 Name139,student139,CS150
{288a408d-3a3c-48a4-9a98-02393fab972f},Student140 Name140,student140,CS150
{b58d8c56-cc71-471b-a83e-2f61a93511f9},Student141 Name141,student141,CS205
{d412bb03-6299-4348-9fc5-9e7e1bf369cb},Student142 Name142,student142,CS150
{8021525c-0d4a-4408-9552-3c6be6d6af56},Student143 Name143,student143,CS205
{76cb8322-9cec-4fe4-861f-9034b9a525a0},Student144 Name144,student144,CS205
{05a129b5-4d04-41c0-a0e1-58e01098e69a},Student145 Name145,student145,CS205
{60fc35b0-f890-4668-983a-3a8702100575},Student146 Name146,student146,CS150
{8ad956e5-1bb5-4524-a55a-e2a8ac0d9e21},Student147 Name147,student147,CS150
{15f51010-9199-4c02-91df-f9ef00e6fa49},Student148 Name148,student148,CS150
{69f92d37-edc4-4cf2-8778-f259584a8f3d},Student149 Name149,student149,CS205
{f81e73db-fb81-4ca5-bae1-bc1c2f97717e},Student150 Name150,student150,CS150
{1781aa42-2212-43f2-b585-b0f63c23c32c},Student151 Name151,student151,CS205
{02a16a62-4528-449d-a826-740bbe791ce6},Student152 Name152,student152,CS150
{7dca8d37-6696-4037-9a2e-240eeb5f6b96},Student153 Name153,student153,CS205
{5bda5d3b-7dca-4429-aae9-95ac5a7fcf81},Student154 Name154,student154,CS150
{a7e6f6bc-6399-48d3-81c4-059889bf8b9b},Student155 Name155,student155,CS205
{8529ab1f-88ac-4578-b101-1a62c4a6a86e},Student156 Name156,student156,CS150
{69c3e141-277c-4ffe-a287-5b702f3daf01},Student157 Name157,student157,CS205
{af6b0b8f-2bfa-4c37-b846-bd057ee5b17a},Student158 Name158,student158,CS205
{ebf4f976-f021-402b-85bb-d06514cb50c5},Student159 Name159,student159,CS205
{1bcb8be7-7e22-4a5d-a928-f2242094d01d},Student160 Name160,student160,CS205
{85b9683e-1d9a-4310-a678-7b1b56e5662b},Student161 Name161,student161,CS150
{b2bb680a-3e10-4d7b-9f9b-518d754a9336},Student162 Name162,student162,CS150
{dc6a9660-d836-47fe-802b-3f518bfac65c},Student163 Name163,student163,CS150
{4a4b877f-eb6c-432b-b46a-c5217dcf7d35},Student164 Name164,student164,CS205
{acf5d68e-5b35-4142-bd6d-64c767de0f5f},Student165 Name165,student165,CS150
{66f639b5-29a3-422c-814f-8f05ee1da456},Student166 Name166,student166,CS205
{f547bf86-734c-464b-a88e-72e4c5daf4f9},Student167 Name167,student167,CS150
{4a5351d6-4d60-43d9-a7ca-b071ba74be4c},Student168 Name168,student168,CS150
{a7507dda-0911-4517-8444-f00c629d531e},Student169 Name169,student169,CS150
{a19fd9bf-362e-47a8-a990-11065a24796e},Student170 Name170,student170,CS150
{48bca9d6-7410-4b07-b18e-c91ded810fe5},Student171 Name171,student171,CS150
{ffc967b4-8535-4848-9942-52fa3e267cff},Student172 Name172,student172,CS205
{bcb7d3a8-d8ad-4133-af44-f87b6f44395b},Student173 Name173,student173,CS150
{453925c3-61fc-4d48-a591-3b10b98ab0ff},Student174 Name174,student174,CS205
{ec4216a2-2835-4db9-9b9e-958f52012690},Student175 Name175,student175,CS205
{54c0e625-e67b-4a5a-a9c3-0f053a303134},Student176 Name176,student176,CS205
{dec85901-3675-45af-bbe4-645a489a4b7a},Student177 Name177,student177,CS205
{7a51f694-e50d-476b-8750-edecabb091d9},Student178 Name178,student178,CS205
{7962e614-98fa-4a43-8a2c-f427d5f5a2b5},Student179 Name179,student179,CS150
{63599306-38f0-4f2b-b057-fd036210d494},Student180 Name180,student180,CS150
{76902e55-6883-42a2-96aa-b526966c49aa},Student181 Name181,student181,CS205
{193cdf59-445e-4aae-898c-280b64426a16},Student182 Name182,student182,CS205
{d52b650c-ce57-48da-b583-2a611d206439},Student183 Name183,student183,CS150
{36298265-93f3-4d17-846b-444eeaf1bcb5},Student184 Name184,student184,CS205
{a8e3b15a-385b-4a10-98d4-52a822c241b0},Student185 Name185,student185,CS205
{ea0831d4-6358-49d3-8065-a7d842c7c647},Student186 Name186,student186,CS150
{aadb4f68-d8f8-4cf9-83d1-0640aafd070d},Student187 Name187,student187,CS205
{3dc3c446-0add-4891-9c62-ec063230104d},Student188 Name188,student188,CS150
{5f4e004c-2a16-4894-8212-dc08c280fe77},Student189 Name189,student189,CS205
{798ca951-5b4d-4c90-9322-9318fe301163},Student190 Name190,student190,CS205
{e228e36b-9fb6-467b-b8fc-21e08a9a5f42},Student191 Name191,student191,CS205
{9cb6e509-86d1-49bb-a0ba-a79a4a4eea97},Student192 Name192,student192,CS205
{573499c7-5e20-474f-b335-cc93bac04d97},Student193 Name193,student193,CS205
{211da15e-0244-4718-b1d8-8a81d4eac072},Student194 Name194,student194,CS150
{1b4c1508-d05f-4116-8cea-64a5a8663fa4},Student195 Name195,student195,CS150
{cd2e1b09-b7df-47f5-82c7-a5415d135b30},Student196 Name196,student196,CS205
{ee70b655-1b02-4a1c-8bf2-93b65c5c9c45},Student197 Name197,student197,CS205
{159c6947-4eab-4713-8792-979f84dc2cde},Student198 Name198,student198,CS150
{80b9cbed-6d12-4568-a1b8-f1f5583e3ef0},Student199 Name199,student199,CS205
{30f1b507-748b-406b-a3cc-0e9a0ace2840},Student200 Name200,student200,CS150
{dfecd169-fc92-4dcf-9bc4-e3cb8052be6d},Student201 Name201,student201,CS150
{bd45db45-ffb2-4c93-ba50-83b50e8ee883},Student202 Name202,student202,CS205
{433a4c3e-7b29-42b6-9233-94eadcbeffbe},Student203 Name203,student203,CS205
{de99a6a5-f468-4405-b2f0-28f7e0399e84},Student204 Name204,student204,CS205
{41412f3b-4371-49b9-8986-da89a9a0fdf2},Student205 Name205,student205,CS150
{b3b2c681-6f89-4394-a96a-0c757e2f0037},Student206 Name206,student206,CS150
{65daf917-9778-4059-b97d-a71456d23a24},Student207 Name207,student207,CS150
{003577ed-1137-4782-ae8c-0e5fe8b10541},Student208 Name208,student208,CS150
{2838a17a-ef70-4a4f-b438-44a87263f88e},Student209 Name209,student209,CS150
{0e668163-6431-4203-9556-4c9123221b3c},Student210 Name210,student210,CS150
{b512964a-5745-415d-9e3c-fa54ea22e8c8},Student211 Name211,student211,CS150
{da35ab40-bd07-4ac0-ac39-b7a6e8a5dd21},Student212 Name212,student212,CS205
{3affa66a-0e12-41f3-bd3d-82691a46a313},Student213 Name213,student213,CS205
{423b476b-c498-45ea-a029-ebdb951f6a62},Student214 Name214,student214,CS205
{5b9662b9-97c3-4f72-9bbf-c751d7b51695},Student215 Name215,student215,CS150
{e83c1461-6d18-4976-9f28-38fe7959d8fc},Student216 Name216,student216,CS150
{f23d3480-01ad-4c2d-ae0b-3a85dacdfc4f},Student217 Name217,student217,CS205
{c5061fac-cd61-42b3-8d5d-ba3abfba1986},Student218 Name218,student218,CS150
{2781bf09-a9a0-4597-adb1-3b51476c2add},Student219 Name219,student219,CS205
{6931d98f-a7a0-443a-9f46-5ed2a3cd47d3},Student220 Name220,student220,CS150
{e337e97c-ee97-4081-87c5-3843ceafc799},Student221 Name221,student221,CS205
{fc4b3fd9-8acf-4556-beff-d47fd5bc360d},Student222 Name222,student222,CS150
{1a2afe91-2b42-4d0c-ad36-5b84af3eedc5},Student223 Name223,student223,CS205
{910ff190-1a40-4aab-b698-e5c8b414cd56},Student224 Name224,student224,CS150
{7f32c154-71ae-4673-9cc5-dfb83d1fe1ea},Student225 Name225,student225,CS150
{f0d55dee-da3c-48dd-8c85-aa4b618c7e7d},Student226 Name226,student226,CS205
{3a64ba0c-3779-4d0a-a2a1-f3462cc19a31},Student227 Name227,student227,CS205
{0110a945-c7f0-4718-bdf3-a89e5bbd2bf5},Student228 Name228,student228,CS150
{c841d800-8e49-466f-afc6-42e528a95c5c},Student229 Name229,student229,CS150
{968392aa-cc21-4905-918b-0d38b4d3e5d8},Student230 Name230,student230,CS205
{11bdd93b-e593-417b-98ee-739324a0b1e0},Student231 Name231,student231,CS150
{88afae31-ecb4-4b06-abef-08387539dbb1},Student232 Name232,student232,CS150
{9a22278b-c84e-4b5d-870d-8d70fdd30761},Student233 Name233,student233,CS150
{01dc33f8-17fc-475e-a120-184a17e1c1da},Student234 Name234,student234,CS205
{82358711-69ab-4658-9203-d06bed59a542},Student235 Name235,student235,CS205
{ada2b6a5-42b4-450f-b14f-afae2426f63c},Student236 Name236,student236,CS205
{e5659238-a1b8-4147-8e5e-284f821688e3},Student237 Name237,student237,CS150
{d3eb45b4-ce15-439f-9de5-4b66e6acb0bd},Student238 Name238,student238,CS150
{032c420c-fdd7-4d43-9f28-cb5d58720c31},Student239 Name239,student239,CS205
{d345a860-3f30-4b71-9b7d-4fc61889d66e},Student240 Name240,student240,CS150
{f094848f-04b3-4fb3-be8f-9322aae7c2d8},Student241 Name241,student241,CS150
{5e77cb56-e435-4566-8edf-49506f2a3379},Student242 Name242,student242,CS205
{a05b40ea-a5b9-44db-b591-21faf6ed02b1},Student243 Name243,student243,CS205
{49dc21ec-21f4-490f-855d-6724898797d3},Student244 Name244,student244,CS150
{7c07738b-cc37-4313-8456-19f8b8a0f9b1},Student245 Name245,student245,CS150
{000a8cb5-42f2-494c-a807-040f1c054082},Student246 Name246,student246,CS150
{70a5b3d7-8b13-48fc-9f13-f72f5f1e737e},Student247 Name247,student247,CS150
{33963778-728c-48e4-91f2-6e979fb1ff37},Student248 Name248,student248,CS205
{e71ccc46-5739-45d8-acf0-fb321171ec43},Student249 Name249,student249,CS150
{b46c8fd8-8df7-4ef0-b7da-3c0fee28d1fe},Student250 Name250,student250,CS205
{45331c9a-a4dc-441e-ad7c-059a7a7d792b},Student251 Name251,student251,CS205
{367758c2-8a5d-4b34-b1c6-72c2ab19df92},Student252 Name252,student252,CS205
{72a02988-5a65-4860-84a6-9e18a986d1b5},Student253 Name253,student253,CS150
{c8b73b5d-5693-4451-a8f2-1baa5ae3b479},Student254 Name254,student254,CS150
{03aa86d4-2a97-464e-a8a9-fe69f915deed},Student255 Name255,student255,CS205
{45669a82-ab4f-49d6-8b5d-ff1df39ee5e9},Student256 Name256,student256,CS150
{7f76ca70-2df4-4931-97e5-ce6bbadd8ad7},Student257 Name257,student257,CS150
{6528f521-d39e-4e3c-9f84-549db40b0f87},Student258 Name258,student258,CS150
{7477df76-4703-422a-a849-d38eeed92662},Student259 Name259,student259,CS150
{9c43f157-d4ff-467d-bed7-8bf0d45f084c},Student260 Name260,student260,CS150
{b84166d8-4067-481d-a50a-b7621b20d64a},Student261 Name261,student261,CS205
{1c47b295-1e3e-487a-9dfb-65a5a356c663},Student262 Name262,student262,CS150
{2cf6e64b-8b5d-4b31-b774-a788ef05215f},Student263 Name263,student263,CS150
{bec53647-4aca-49e5-b7d4-2825fee2522a},Student264 Name264,student264,CS150
{45248a82-2c5c-4a53-8dfb-b768ba8c6667},Student265 Name265,student265,CS150
{163259d5-9814-4d6d-9225-dc125223e95a},Student266 Name266,student266,CS150
{3a8e1d87-848e-48ba-9002-ffd709953f7a},Student267 Name267,student267,CS205
{b7a02054-85d3-4932-a652-f959473f16ac},Student268 Name268,student268,CS150
{659d557b-8eae-4f58-bcb2-d14e4a318463},Student269 Name269,student269,CS150
{0cc2526b-90e8-4249-a9da-0130f5f13adc},Student270 Name270,student270,CS150
{99f2176a-da34-439e-bd13-cc9edb02e4d3},Student271 Name271,student271,CS150
{88088b7d-14ae-4125-95ce-4df742aadad3},Student272 Name272,student272,CS150
{1f5158ca-0e36-471c-bcfe-6405dcf6d3fa},Student273 Name273,student273,CS205
{d2eba7d3-82bc-49a7-8853-bb6d5348715d},Student274 Name274,student274,CS205
{035d46bf-8273-421b-a83f-ef4fb82e31a4},Student275 Name275,student275,CS150
{4c141d64-0560-44b8-aaa2-7f34950c8710},Student276 Name276,student276,CS150
{d02b0cbb-c6ac-4d1e-8488-5f614fb0da3b},Student277 Name277,student277,CS205
{3619744b-8f16-4f1f-93c1-e9aa23f02711},Student278 Name278,student278,CS205
{b475cc22-3eb0-4f44-9125-f9351a576ca6},Student279 Name279,student279,CS205
{4764d336-e71b-4061-a15d-a004cac08c2d},Student280 Name280,student280,CS205
{a1a5b5f9-14ce-4b69-8f33-ba9e30c04c26},Student281 Name281,student281,CS150
{235a4860-3db2-4d4c-9644-cb9cd25be78e},Student282 Name282,student282,CS205
{32f942fe-e5bb-4c0a-b87b-11d99fa3a57c},Student283 Name283,student283,CS150
{c4e5da24-15cb-4b88-9e3f-8d0b51bdbb2b},Student284 Name284,student284,CS150
{5d1c5bbf-c025-40ff-bd90-ecb0a0edbeb1},Student285 Name285,student285,CS205
{fd127ef2-b6a0-4236-be3e-0c4366d195dd},Student286 Name286,student286,CS205
{f66962dd-4e23-4937-9b8f-3a81b814650a},Student287 Name287,student287,CS205
{fcdb23f4-d3cc-4b16-b24b-b6ad78705bd4},Student288 Name288,student288,CS205
{2ec17e94-2327-4d3d-9a00-147b8a8a60bd},Student289 Name289,student289,CS150
{ed232a7f-b492-497c-8ede-b8451c5dd714},Student290 Name290,student290,CS205
{f7246e25-ddbd-48a0-a727-62d126cc94d5},Student291 Name291,student291,CS205
{1a7fd405-b28f-414c-9734-bfc23a8c9674},Student292 Name292,student292,CS205
{c3b24a96-1686-41c2-a19f-2850f95b9a72},Student293 Name293,student293,CS150
{09961fd0-57f9-4a69-956b-e528801976e0},Student294 Name294,student294,CS150
{f81bc22f-3fe6-4711-a31a-2044e98743e3},Student295 Name295,student295,CS205
{e1a0c898-c4a7-4fac-954d-ef57fa2fe42b},Student296 Name296,student296,CS150
{40ece6b6-36b1-4b38-acbf-62e2ecaf3311},Student297 Name297,student297,CS150
{750b6d67-ac99-4477-9d9d-a5d710631dc4},Student298 Name298,student298,CS150
{9b0762f8-cced-4f47-b771-56abdb94cf63},Student299 Name299,student299,CS150
{60c88859-416e-43a7-b4be-67a71dafed67},Student300 Name300,student300,CS150
{aa609899-dea5-4473-9bfe-c0b81a3f8e91},Student301 Name301,student301,CS150
{aca8b2d1-0ddd-4a7d-a348-598a1b90b567},Student302 Name302,student302,CS150
{30b8bd92-1ccd-400b-bc5e-dc7e4efc951a},Student303 Name303,student303,CS150
{8d59444f-00d5-4a0a-9585-62222375bacf},Student304 Name304,student304,CS150
{06294812-7eb3-4f37-ae9b-4a93d5aad0a1},Student305 Name305,student305,CS205
{6fa55c6b-b744-480a-9922-3b2143ed6785},Student306 Name306,student306,CS205
{7f889bf2-e187-47fa-9bdf-7f5ea85417eb},Student307 Name307,student307,CS150
{d582cf3d-9b6c-4b06-bf60-91ef9a6dc3a0},Student308 Name308,student308,CS205
{9398faf3-0fdb-4580-9bc7-243d62a7ab19},Student309 Name309,student309,CS150
{5c15c337-a3d9-46e9-bd6e-97c7dce050a0},Student310 Name310,student310,CS205
{717567b8-54e7-4531-b8af-c0c4f6dcb1a5},Student311 Name311,student311,CS150
{ecc304ae-1e67-4125-a339-ffa9ff84a945},Student312 Name312,student312,CS150
{caf146cf-7ef2-4b3c-8de0-45d37fb4606b},Student313 Name313,student313,CS150
{3ead8213-f2bc-4e67-a779-eb2b55a4e9ff},Student314 Name314,student314,CS205
{fb6de4af-1934-4644-b8a6-e04cadd8efe0},Student315 Name315,student315,CS205
{c67d6c38-942d-4db3-b1cc-f90618042fa0},Student316 Name316,student316,CS150
{8ff4537c-3264-4f7d-9fcb-d177b6f56f69},Student317 Name317,student317,CS150
{1370f5d1-c29b-40f8-a927-ce5a3286d0bc},Student318 Name318,student318,CS150
{e22f93c9-16a8-4526-a62b-f9d3962e6170},Student319 Name319,student319,CS205
{cc20964d-70e4-40fe-b8f8-6670772acec2},Student320 Name320,student320,CS150
{ddb49ec3-e3c0-48aa-a433-00d385914cc3},Student321 Name321,student321,CS205
{54fb5d4a-fd86-4cf2-91f3-eeae3d623e77},Student322 Name322,student322,CS205
{fa3a4381-658d-4d6f-b3a5-0ec3c224fb60},Student323 Name323,student323,CS150
{49675fe1-f88e-4d61-869d-6004341eb77e},Student324 Name324,student324,CS205
{49b8d2ae-5740-401e-b63f-729a52bc4492},Student325 Name325,student325,CS205
{ad53bb6f-0ca8-4181-804f-cfcfcc6bba2a},Student326 Name326,student326,CS205
{84e7a7ec-3de5-40b5-b10e-92c3d6fa590c},Student327 Name327,student327,CS205
{d81b75ea-bbc8-4c15-9a3e-1e26cfa80cdc},Student328 Name328,student328,CS205
{448698d3-da73-40a4-a9df-0e046bba07e9},Student329 Name329,student329,CS150
{f0885711-788d-4bdb-a30b-2b1b680a1810},Student330 Name330,student330,CS205
{e111f51d-26e6-4532-be89-6458946965e7},Student331 Name331,student331,CS205
{0b2af784-7725-4b91-8248-d17fdced0db2},Student332 Name332,student332,CS150
{3adfed19-0dbb-4071-8f31-39ee56943725},Student333 Name333,student333,CS205
{eac26202-3d54-4113-a6e8-b6bb5c1f76ee},Student334 Name334,student334,CS205
{136b0c21-d59b-40de-a189-17faec4986a6},Student335 Name335,student335,CS150
{ce21e850-50ab-4b59-8069-0b34532741d9},Student336 Name336,student336,CS205
{47bc21da-b666-4184-b008-0abcd6b57701},Student337 Name337,student337,CS150
{2254cf94-5368-4d71-a653-92517e911074},Student338 Name338,student338,CS150
{93009732-163d-4856-91f1-8af10f88e83c},Student339 Name339,student339,CS150
{d22035f1-d63b-4726-9a7d-554583c986bb},Student340 Name340,student340,CS150
{1ce7604d-1f8c-4194-bfad-12efe576240a},Student341 Name341,student341,CS150
{edee99ee-7da2-4e7f-89f9-83eaeb5f840a},Student342 Name342,student342,CS150
{c4387eec-09cc-4e15-a4cd-618df55b66da},Student343 Name343,student343,CS205
{35e84248-6691-4737-bdbc-f1f74e180118},Student344 Name344,student344,CS150
{b2923781-1505-4470-b777-2accf0b4ef28},Student345 Name345,student345,CS205
{3a222551-ec71-4aa0-85ea-f85cf68e8266},Student346 Name346,student346,CS150
{af46051a-dbcb-4082-91cb-e4f08f874d72},Student347 Name347,student347,CS150
{9843e70d-30d5-42f3-9b94-88d607288a71},Student348 Name348,student348,CS150
{5862f0ea-979d-4408-84bd-ab87a71bda69},Student349 Name349,student349,CS150
{725dd07f-7b9c-44ff-955e-cebc3153ab0f},Student350 Name350,student350,CS150
{46df9b59-aa80-4f7a-916a-335ae96a5b02},Student351 Name351,student351,CS150
{3c0ee5cf-e2e8-411e-9c41-858e4e69e814},Student352 Name352,student352,CS205
{d7deea8a-591b-4af8-b0e9-ca375af344ba},Student353 Name353,student353,CS205
{6884ebbf-8fe3-4c61-a473-4b18a6c6cdba},Student354 Name354,student354,CS150
{d2c22975-b292-4a83-9d4c-e7f20a29993c},Student355 Name355,student355,CS205
{8f71165c-a588-4b19-8eb5-2103bc17b2c2},Student356 Name356,student356,CS150
{d85f643c-92f8-47a8-8b27-3acf74dd7e1a},Student357 Name357,student357,CS150
{dfc7142d-296b-4b75-894b-3e920a221b5b},Student358 Name358,student358,CS150
{06d3bf43-7dc8-430b-a4bf-10fa6b78124b},Student359 Name359,student359,CS205
{d31f6010-c1d6-4fc8-8216-28001c725a3a},Student360 Name360,student360,CS150
{9183a672-fca1-443f-8a5f-d45c85550e55},Student361 Name361,student361,CS150
{90459550-1c6a-4d0c-8630-fcd862199429},Student362 Name362,student362,CS150
{9dfc055e-dd47-40ef-be7c-acf9cfcf88de},Student363 Name363,student363,CS150
{ddce9ab3-b769-48de-8bf7-ccaf917f291e},Student364 Name364,student364,CS205
{80850c69-3488-4fb4-aeaf-fde02c83c0a5},Student365 Name365,student365,CS205
{c0e55d7f-9167-4ade-a193-2484ca40867d},Student366 Name366,student366,CS205
{0416e49e-f083-4dfc-a4a5-ef865ccd8f37},Student367 Name367,student367,CS150
{99642884-3d35-4654-9594-52b9bba05750},Student368 Name368,student368,CS150
{af42a003-1fc2-454c-9f4e-603f67139acb},Student369 Name369,student369,CS205
{e8d96684-ccbc-4e89-826d-1b9bf25f203a},Student370 Name370,student370,CS150
{e06419a0-6431-45ac-8e38-51034e138f6a},Student371 Name371,student371,CS150
{7fd1a393-bafa-4646-8571-70a9f56b7181},Student372 Name372,student372,CS205
{24bfe66c-cfdf-4a3a-b1ba-17b2ce8b56f5},Student373 Name373,student373,CS205
{5370e200-57e0-4db6-81e7-c7cc903aeec9},Student374 Name374,student374,CS205
{a262bb62-3140-4412-b1d0-dd6e9ab38f5e},Student375 Name375,student375,CS150
{3dbcc963-e239-4218-8226-1b7d0d9b2295},Student376 Name376,student376,CS150
{208d6c53-3095-49d0-99be-085acf0e4a75},Student377 Name377,student377,CS205
{c6bdb866-e4dd-4927-98a9-fa071f3cbdcb},Student378 Name378,student378,CS150
{8e1c43f9-84e6-4c35-9d61-807e303d940d},Student379 Name379,student379,CS150
{3aa22bab-4af5-42a1-b493-dc362b736b6d},Student380 Name380,student380,CS205
{9b02c21d-ca2d-44ea-b0e6-be8ab19495ba},Student381 Name381,student381,CS150
{894d055c-8074-48c2-8850-5b6677c9e78b},Student382 Name382,student382,CS205
{2e740f98-18fe-4ef9-817c-de4d3022c08d},Student383 Name383,student383,CS205
{dc56739a-d20b-4ebd-9847-cc45278bb54f},Student384 Name384,student384,CS205
{5735d837-1ee1-43a2-b2c1-924868e1f5a5},Student385 Name385,student385,CS205
{a1d0208b-87a3-4c3d-a157-8792097c802a},Student386 Name386,student386,CS150
{01602a51-2a51-4d11-92f5-eca6ec35cf80},Student387 Name387,student387,CS205
{2e828cbf-e832-4990-8b64-84d0f877703c},Student388 Name388,student388,CS205
{0e17804e-4239-4626-ac25-60b178fff385},Student389 Name389,student389,CS150
{3c09043b-282b-44ed-b9ea-f7cb9777aea0},Student390 Name390,student390,CS150
{7f13e37c-9459-432c-8b10-bc35b7dda51d},Student391 Name391,student391,CS205
{166feb83-4c37-4c77-b0bd-03a32574f423},Student392 Name392,student392,CS150
{26dcab68-d0f1-423e-bc1c-242834c07217},Student393 Name393,student393,CS150
{0311bc9c-3700-46ec-b9fe-dd3a5f5a51c6},Student394 Name394,student394,CS150
{f319b13d-fa75-4aa3-8791-09be694a51b7},Student395 Name395,student395,CS150
{ee71772b-2947-4df5-95c4-da36d65195f8},Student396 Name396,student396,CS150
{9a0a8a4e-cea3-4c97-97ca-70db91889c62},Student397 Name397,student397,CS205
{cf0d22ad-4661-425e-9e20-c874904af281},Student398 Name398,student398,CS150
{151863da-e41b-473d-992f-6a8fcfe5c6c4},Student399 Name399,student399,CS150
{bf063f62-e8a3-4cd5-9bf7-116faf56a37a},Student400 Name400,student400,CS150
{1f03bdcc-6961-4620-b5fa-dbf2921dc2fc},Student401 Name401,student401,CS205
{dcfa72ed-1687-4bca-87e9-cec09fda4212},Student402 Name402,student402,CS150
{53cf8dcf-7f68-4618-974e-f43466199844},Student403 Name403,student403,CS150
{82ee0488-a669-41fb-97e5-651f33cb769a},Student404 Name404,student404,CS150
{0c4beae3-0d31-4b10-b2cd-dcc1ca0f6885},Student405 Name405,student405,CS150
{fb6d8241-90d4-428a-8a08-c37427460422},Student406 Name406,student406,CS150
{2ee5f29c-9010-4954-a91d-59d180cf56ed},Student407 Name407,student407,CS150
{c912a6b9-2d18-430e-8240-e5a4cda7138c},Student408 Name408,student408,CS205
{1d6cdbb9-562d-4bb6-909e-d14a3bf23e8f},Student409 Name409,student409,CS150
{4f7f30c6-9ab2-4f50-8aa0-e9af70431c27},Student410 Name410,student410,CS205
{7b05c975-3a48-417d-ba20-1d146b5a9c9e},Student411 Name411,student411,CS205
{5f368736-6c20-4e75-a8c8-18159b8f088e},Student412 Name412,student412,CS205
{e19a79df-e62a-4fa0-a64b-322e21468afc},Student413 Name413,student413,CS150
{f9a533af-73b6-4f07-b0dd-ab1a73f9d9f4},Student414 Name414,student414,CS150
{d457541f-0b69-468d-970a-7a3df144c16c},Student415 Name415,student415,CS150
{706b5693-c9e8-4b33-85a4-f9f39353460c},Student416 Name416,student416,CS205
{d2691546-27cd-4244-8f28-4825d8e2b95a},Student417 Name417,student417,CS150
{7d7fa018-939b-4859-86a0-d334b643d274},Student418 Name418,student418,CS150
{3acb24cd-4587-412a-a176-1a71c582a913},Student419 Name419,student419,CS205
{1c7c1904-3345-4820-926e-609fc2ed7c6d},Student420 Name420,student420,CS150
{93fc601e-f406-4176-9615-2373f57fa378},Student421 Name421,student421,CS150
{00b5866a-d972-48ad-9289-db62b31de6b3},Student422 Name422,student422,CS150
{04ffff7e-721b-4a45-bfba-190fbeba8989},Student423 Name423,student423,CS205
{897fdff8-b196-4b69-b84d-48ceb1ffa0dd},Student424 Name424,student424,CS205
{0332300e-f2f0-403a-9c5e-9474e3feee55},Student425 Name425,student425,CS150
{37ed2ae8-858a-4bbd-b2d8-4a96c407059e},Student426 Name426,student426,CS205
{c2c66aae-38b1-4baf-a933-4d7a12dfd86d},Student427 Name427,student427,CS205
{2c6d6d0e-07a4-4f6e-9edd-cc58244822dd},Student428 Name428,student428,CS205
{2f664953-0222-4392-9e69-e2555ab3b834},Student429 Name429,student429,CS205
{4dd3d377-7122-4af7-83de-b15efa318f5d},Student430 Name430,student430,CS205
{eca785b3-8e5c-4ec0-ab73-eab1a0824995},Student431 Name431,student431,CS150
{4fffa79f-37d2-4418-83db-bab19fb74f42},Student432 Name432,student432,CS150
{93105213-8ef0-4ef0-8799-98dc4037ea74},Student433 Name433,student433,CS205
{750d4e76-ac5e-4c46-a7b0-6bc20685b3b2},Student434 Name434,student434,CS150
{03f268a3-3cdc-48c1-a3e4-218e17d2ba36},Student435 Name435,student435,CS150
{d8329e1c-8173-46b9-aca2-60b37b26aec6},Student436 Name436,student436,CS205
{31f54952-e461-49ba-a64a-a42d29c734be},Student437 Name437,student437,CS150
{23d515cd-e010-4fd3-8df0-23304941f482},Student438 Name438,student438,CS205
{3b98ee83-4723-4d44-a241-9f0797d26d4c},Student439 Name439,student439,CS205
{10ad383c-c8f7-41ff-95eb-a596b0309b25},Student440 Name440,student440,CS150
{6166024e-a831-4cc2-baec-7bf404835eea},Student441 Name441,student441,CS150
{f175873c-c544-483a-a2fd-a5bb75b2be1e},Student442 Name442,student442,CS150
{b3bef5ab-5efd-49a4-a591-6d585a6e6420},Student443 Name443,student443,CS205
{2236cef3-1e9d-4e9c-b4b2-55c84fdd6e79},Student444 Name444,student444,CS150
{874329af-bf72-4db2-8b19-eaa3d4ee9d92},Student445 Name445,student445,CS150
{62ebdbb9-9d30-4969-acb6-d3da2ec41e54},Student446 Name446,student446,CS150
{81f94d96-534b-4876-a16e-b497a633f9f6},Student447 Name447,student447,CS205
{6d77de48-098f-4c53-96e6-6fca589be55d},Student448 Name448,student448,CS150
{4c889cf5-5aca-4fd5-abca-fa97fc96783c},Student449 Name449,student449,CS150
{7552553f-fdf5-4c5f-918f-15a92c632478},Student450 Name450,student450,CS150
{0dcf75b0-9fcf-400c-b4d9-cf7a02775690},Student451 Name451,student451,CS150
{cecf2f76-a18a-41a0-90e0-c47b1ace0bfd},Student452 Name452,student452,CS150
{d1b76c56-bb5d-49f6-a946-b890814641d9},Student453 Name453,student453,CS205
{31e5904a-4b7a-4599-99b1-3b651a10d1ee},Student454 Name454,student454,CS205
{ac24c701-8146-49d3-a92e-c12bb3d7b310},Student455 Name455,student455,CS205
{b50d32ec-50a2-42d4-abe3-00d7c54b26e9},Student456 Name456,student456,CS205
{dcee5734-1358-445c-834c-32bacae60d3f},Student457 Name457,student457,CS150
{27ace39c-b076-4e6d-98e6-135d5add04e6},Student458 Name458,student458,CS150
{ea2e84f1-44af-46ce-a41a-fce0095f9062},Student459 Name459,student459,CS205
{a270cd04-8cdc-4ab6-81a7-cffa3d6c8e07},Student460 Name460,student460,CS150
{308dceae-2802-4df5-9759-1374be4c559b},Student461 Name461,student461,CS205
{d83e846a-370b-4e2b-bb26-782c29263a2a},Student462 Name462,student462,CS205
{164f663f-0bb9-4813-a1bd-f68975c1d1fe},Student463 Name463,student463,CS150
{a27df828-cba9-4a72-a273-c6c7cca2fd87},Student464 Name464,student464,CS205
{133201a8-3f10-4f02-9fc0-70a775435af9},Student465 Name465,student465,CS205
{ed29d8e6-3439-467c-ab9f-d149e2918515},Student466 Name466,student466,CS205
{da61a0f4-5cab-44f3-b531-e7b8acc6ac73},Student467 Name467,student467,CS150
{dc75c106-4eff-459f-9a78-497a62b87503},Student468 Name468,student468,CS205
{af0e6516-4600-418a-b9aa-c30323f9152c},Student469 Name469,student469,CS150
{82032349-f12b-4df6-b694-b2030815451b},Student470 Name470,student470,CS205
{de443797-b9cf-4cbb-908c-e68f450a3554},Student471 Name471,student471,CS205
{1ead9d94-f015-4d18-bac0-ece845d4d16c},Student472 Name472,student472,CS150
{3f7c407b-67dc-4c61-a29e-ab35dc40baea},Student473 Name473,student473,CS205
{75d64752-026d-4ed2-9677-b1ee6b967cb1},Student474 Name474,student474,CS205
{03ef966e-bbbf-4f97-bbc2-1cb09cb6bb49},Student475 Name475,student475,CS150
{98471148-3e82-43d5-b676-7cd302a55435},Student476 Name476,student476,CS205
{98b3b132-42db-4392-8a75-c405481a60a0},Student477 Name477,student477,CS205
{7e4ebbd3-98ad-4d3e-81a8-e6c8129f9116},Student478 Name478,student478,CS205
{5448d0bd-e081-42e7-b9a1-9be0ba8b4762},Student479 Name479,student479,CS205
{e5c002f6-7a58-4284-9fd0-3b41d6ab0fb5},Student480 Name480,student480,CS205
{bb1c610b-59fb-4611-8152-4e60f87e3c23},Student481 Name481,student481,CS150
{f4247319-e3b2-4833-b6cf-d0bd692af035},Student482 Name482,student482,CS150
{edc9f60c-4f3e-43ff-8f23-c5783d4a02c9},Student483 Name483,student483,CS205
{35d88690-9944-4237-8a24-028de66fccdb},Student484 Name484,student484,CS205
{4218b6d7-4b25-49a2-9a61-ec729446b005},Student485 Name485,student485,CS205
{f2b254c4-ef47-4b30-a89a-aad542c1a2b9},Student486 Name486,student486,CS205
{029fc672-4b0d-42e5-8150-61ead5147af8},Student487 Name487,student487,CS150
{107b4287-93b3-410b-91fe-6458802479fc},Student488 Name488,student488,CS150
{fc143a7b-1f8b-4919-b07c-412771313d53},Student489 Name489,student489,CS205
{6e9e0053-5c02-4fd2-9190-b18b804f6266},Student490 Name490,student490,CS205
{c3ff81dd-4880-4628-a1ee-6801b44e8fd9},Student491 Name491,student491,CS150
{4a6fe9ad-d0bc-49cc-ae4f-f87293a648af},Student492 Name492,student492,CS205
{0f8b6a7e-affb-4062-b620-1f611ec38443},Student493 Name493,student493,CS150
{37531f76-9402-4166-a80c-05757162465a},Student494 Name494,student494,CS150
{fba1b842-94a8-43c9-8756-fdfca3aa7dae},Student495 Name495,student495,CS150
{c352f152-2519-43c4-b5ef-6242b9ea3f04},Student496 Name496,student496,CS205
{3fedd890-4781-4f04-b0b9-89626c58bb9c},Student497 Name497,student497,CS205
{75d7101d-4df6-44c7-b5a7-5a965e376f08},Student498 Name498,student498,CS150
{6f4a83e1-9cf7-43e4-8d8c-cb000c1fdce1},Student499 Name499,student499,CS150
{4171599b-967d-4ed6-b802-7a4368c26039},Student500 Name500,student500,CS205
{adc3beec-2d34-488b-b4d6-dbb1fecae279},Student501 Name501,student501,CS150
{42862966-0c6f-4dee-9700-4a3ac80b83ad},Student502 Name502,student502,CS150
{ee7dd03f-e9ed-4282-9edf-beecf861af33},Student503 Name503,student503,CS205
{60bd180f-c97a-47e3-a73e-76a464f36ba5},Student504 Name504,student504,CS205
{dde70840-5c6c-43a1-8045-411001701210},Student505 Name505,student505,CS205
{5876c143-d49a-46e2-a8c2-82603d0bd029},Student506 Name506,student506,CS205
{9067ac82-48dd-497b-9053-3e4b6b00c1a2},Student507 Name507,student507,CS205
{b0770a2c-569a-4a58-a9a2-97d0c5a9e597},Student508 Name508,student508,CS150
{622ed9ba-652b-4a8d-ac5b-ca85e13fb9df},Student509 Name509,student509,CS205
{9eac7bf1-a2a5-4645-b588-2bea470b8fd1},Student510 Name510,student510,CS150
{57ee4748-d45c-4a2d-aeb3-350c1a687a96},Student511 Name511,student511,CS205
{a36aab71-4efd-4374-9b0d-5b00946ffb29},Student512 Name512,student512,CS205
{1c8bd2dd-82e5-445a-ac9e-7df20b1670d4},Student513 Name513,student513,CS150
{2be5f1c7-ef2e-44a2-9014-0e8fd9dc8e2a},Student514 Name514,student514,CS150
{1548db90-65c7-43d7-8143-2afb64b90e88},Student515 Name515,student515,CS150
{8b0f950c-6046-49c9-9d63-e1ebe84ba2df},Student516 Name516,student516,CS150
{491a6532-d775-489e-aaca-d5787093305a},Student517 Name517,student517,CS205
{02fe08d3-b2e7-4c99-97ae-43d35db436e1},Student518 Name518,student518,CS150
{87d66b58-abf8-448e-bd0d-a6c6e8954758},Student519 Name519,student519,CS150
{e580b5e8-cbbb-4c2f-bc6a-eef79049a7ad},Student520 Name520,student520,CS205
{d11f25ec-2c65-48ff-887b-d81be8fe086a},Student521 Name521,student521,CS150
{b6b65d8f-c39a-4c1a-95c5-79a9fc15fb18},Student522 Name522,student522,CS150
{3f0840f2-cbc9-4a97-802f-8b7520c9751b},Student523 Name523,student523,CS150
{ec24725b-d0a3-4b2d-b2cc-64bd482fbb65},Student524 Name524,student524,CS150
{d625e347-e0e7-451a-8abf-e0eda83e1ad7},Student525 Name525,student525,CS150
{1123530f-7f57-48b1-95f8-6e85a0bcabb2},Student526 Name526,student526,CS150
{12126dd3-bc5f-4505-a739-9f64ff160e18},Student527 Name527,student527,CS150
{b417f25e-7f7d-4405-88a8-4b67d10d722a},Student528 Name528,student528,CS150
{7ab92123-925d-4f3e-b8a8-f0034dd6f965},Student529 Name529,student529,CS150
{fa4bffe6-c36f-4190-8de3-a614b2e9eecb},Student530 Name530,student530,CS150
{bd50b990-30c2-4dc2-8ca2-54f1d9b5619e},Student531 Name531,student531,CS205
{f8a8c450-99fd-4a56-9917-5105ae135cba},Student532 Name532,student532,CS150
{5933d14b-3154-4a82-9f47-ff9745a28b41},Student533 Name533,student533,CS150
{dbe5b13a-dc5e-44cb-9bd0-74a26d6ad9df},Student534 Name534,student534,CS205
{a1fea2c9-cc1d-42bd-9de4-d8c8e6691f89},Student535 Name535,student535,CS150
{0e50b065-9c6b-4ae7-a134-e02754ef7eee},Student536 Name536,student536,CS205
{886cedd6-79c4-491b-928d-830cb943bbed},Student537 Name537,student537,CS150
{bbe8feae-9e91-4cfe-b855-bba74876d82c},Student538 Name538,student538,CS205
{0c8feb07-952d-41ea-be1b-2eea19bffc0c},Student539 Name539,student539,CS205
{ccc8b13c-aec4-4de5-8081-b842524d9282},Student540 Name540,student540,CS205
{1bb94635-2d63-4a29-ba3d-2072dc06672a},Student541 Name541,student541,CS205
{86eba6f7-3fa2-424d-84fa-3f857e808ab8},Student542 Name542,student542,CS150
{49e382ac-4937-4df7-a6af-3e37758a3dde},Student543 Name543,student543,CS150
{4a088cab-99ed-4387-a8cb-acb65e28ebc8},Student544 Name544,student544,CS150
{cdfaba89-c643-4857-b268-c9bf4d30d1cc},Student545 Name545,student545,CS205
{cf96f210-b543-4a66-ad67-137fc694f860},Student546 Name546,student546,CS150
{d2545b5f-54a9-4ba5-9365-3986e834b06b},Student547 Name547,student547,CS150
{bec25bc5-5ac5-45dd-8156-aecf4a4b5466},Student548 Name548,student548,CS150
{5cb6fb36-8ada-4913-a948-8e92bcb6b599},Student549 Name549,student549,CS205
{f3cb1f31-7fd6-4e31-8aef-5e627229a546},Student550 Name550,student550,CS150
{cc474590-e4cd-47ea-be93-d575765a1aea},Student551 Name551,student551,CS205
{c29e71f7-cca8-4f95-879e-af655083d913},Student552 Name552,student552,CS205
{4e5ab2fd-3012-4498-abc1-05aea1964e72},Student553 Name553,student553,CS150
{e34f6019-08be-4559-8f31-827c5c7c3294},Student554 Name554,student554,CS205
{dcdb3785-366a-4fba-aaf1-be76cca3b38d},Student555 Name555,student555,CS205
{c108b268-312d-4325-8442-b7a451384559},Student556 Name556,student556,CS150
{36b61fdf-d914-4fd8-81fb-f4c2e8622b4f},Student557 Name557,student557,CS205
{b359250a-b764-4957-b421-751b8a88674c},Student558 Name558,student558,CS205
{5c6e4263-613e-49e5-ad8e-e3e1bdf5d5ec},Student559 Name559,student559,CS150
{90eff1e5-b6c5-4f25-a36c-0448e37bf23e},Student560 Name560,student560,CS150
{6122b743-ceac-44a9-925d-41f34e741450},Student561 Name561,student561,CS150
{d661a7a6-ffcc-4358-a03c-12aff9fd3fb9},Student562 Name562,student562,CS150
{9a86b604-7565-49cd-af0a-ce066d5b67f5},Student563 Name563,student563,CS150
{9a0fb5a7-68db-4935-8661-02c9255f32fb},Student564 Name564,student564,CS150
{87579385-0c27-4c8a-9dd4-ac23d457cf6c},Student565 Name565,student565,CS205
{f0b8449a-e2ec-44e7-9120-81043b5fb11e},Student566 Name566,student566,CS150
{86da9bec-22b8-4a7c-afd3-67a09803eaec},Student567 Name567,student567,CS150
{9f9381fc-3f01-494e-898d-8e1bc57e1a24},Student568 Name568,student568,CS205
{39e0848e-00af-4b45-87cb-1b0806c1d6df},Student569 Name569,student569,CS205
{ad54970a-a5a2-46d4-9dd6-2a66e4b4cb51},Student570 Name570,student570,CS205
{6a47e7d2-5979-49db-a967-03ac364c3717},Student571 Name571,student571,CS205
{5249928d-d7d2-443a-9ed7-798f36be37d5},Student572 Name572,student572,CS205
{d049706f-1057-4119-9e12-e0e05cf4b91d},Student573 Name573,student573,CS150
{8ee4d5b2-dec7-478b-b0f5-b4a82ba91e0b},Student574 Name574,student574,CS205
{a39ffdd1-33d3-46b1-845e-6f213c5376b6},Student575 Name575,student575,CS205
{de8de9e5-7cba-484d-b40d-069913eeb97d},Student576 Name576,student576,CS205
{0c26f32e-ee5b-4944-9151-2f5a87e2fa28},Student577 Name577,student577,CS150
{cf34a929-bf01-4e16-88c8-f3b4460d4b2e},Student578 Name578,student578,CS205
{d7ae094a-d66f-4bb3-a983-f5a6f350db50},Student579 Name579,student579,CS205
{925ac864-dc2b-4bc6-b88a-a6e5e2417704},Student580 Name580,student580,CS205
{61d64ab9-4e2f-401a-8224-b354ff5fa33f},Student581 Name581,student581,CS205
{6c633dd4-666c-4d06-8174-c9139358f413},Student582 Name582,student582,CS205
{cf089067-8b4a-4955-b958-6a781cef0274},Student583 Name583,student583,CS150
{149d6ee8-de80-4793-85c4-7fc5efd7b062},Student584 Name584,student584,CS205
{bb290111-cc7c-455c-b0cc-1f6390856f06},Student585 Name585,student585,CS150
{2f9ffc31-725f-444b-bcb9-892a62b68ead},Student586 Name586,student586,CS205
{a252b97e-5033-47bb-a1fb-8ecfee4c7f5e},Student587 Name587,student587,CS205
{f926c4d7-6db5-497a-8e4f-5c3ef410e6a0},Student588 Name588,student588,CS150
{b9b15a42-2ba2-484a-9618-aef8b1d43477},Student589 Name589,student589,CS205
{7396be2c-e397-4a0e-8320-64ff0d0a16b2},Student590 Name590,student590,CS150
{c9fcc44d-f0af-4f60-a984-13a5b3a5d3ef},Student591 Name591,student591,CS150
{674d9181-b3ff-47b9-8b83-eb8d5b243316},Student592 Name592,student592,CS205
{88d8e77c-b434-43a8-8eec-f28f3513315d},Student593 Name593,student593,CS150
{9c51119b-4016-43e7-90cf-55d30a2a9c4f},Student594 Name594,student594,CS150
{69dc12f4-7e03-44a6-a7fa-7c23f9a85ceb},Student595 Name595,student595,CS205
{00f34a54-edbd-4804-975c-69de593187dc},Student596 Name596,student596,CS205
{a927a6a6-0b53-48a1-8e28-bebd343f0152},Student597 Name597,student597,CS205
{1d1d48ff-e54e-4719-ac95-1f3184fd4f1b},Student598 Name598,student598,CS205
{da13a78d-2574-4ccf-9810-337c2f0f5150},Student599 Name599,student599,CS150
{4f46c587-e2f4-4a83-b5e9-97add1860f8c},Student600 Name600,student600,CS150
{0c755592-c9f9-43c3-8079-35bd7a20b358},Student601 Name601,student601,CS205
{18af725d-f0f4-4a19-83eb-75959271c447},Student602 Name602,student602,CS205
{7ac7ed34-dbac-48eb-9784-48f7bbc95701},Student603 Name603,student603,CS205
{ca794f2c-78c2-4910-aeab-b20eeabc6a80},Student604 Name604,student604,CS205
{2cde39dd-b201-482e-a354-70bc5816288d},Student605 Name605,student605,CS205
{3fb1fdef-da25-4416-9ec0-d3b445f6cd5c},Student606 Name606,student606,CS150
{53073c5c-89f6-4c6a-b6f1-e0719dd00706},Student607 Name607,student607,CS150
{32df9e6d-77e5-4276-96e0-a590d1c6d136},Student608 Name608,student608,CS205
{3acbe740-d837-41a7-86e4-b0ea07887e46},Student609 Name609,student609,CS205
{31103d3b-6e3a-4ea6-b991-fe8612b5ce08},Student610 Name610,student610,CS205
{ab417b6d-768f-4890-bf2e-e231c5fd4bd0},Student611 Name611,student611,CS150
{f2363714-fd30-45b2-b067-178f1128be34},Student612 Name612,student612,CS150
{ffea90ab-aae4-497d-857e-8c8311f0b343},Student613 Name613,student613,CS150
{771a49e8-e824-4f63-927a-c02fef54ad9a},Student614 Name614,student614,CS150
{fbb3f47c-3cfd-49ba-b58c-6156661fb660},Student615 Name615,student615,CS205
{8faea920-8948-4abd-af37-cfe08488d841},Student616 Name616,student616,CS205
{e2432cc0-4dde-484b-9088-ba2d9546c1b5},Student617 Name617,student617,CS205
{18047cd8-c6b6-4498-962c-c143ffb59fe8},Student618 Name618,student618,CS205
{3c1abfd5-2faf-422b-b736-44e6248881c3},Student619 Name619,student619,CS205
{c3caa612-0d4c-447b-8274-0ff65fc87c07},Student620 Name620,student620,CS150
{92132401-8ac3-42a0-8704-043a6fdb1502},Student621 Name621,student621,CS205
{e81e6878-bde2-4480-89bc-f605ac8fed2c},Student622 Name622,student622,CS205
{68043dd2-74da-4a7b-b2f8-5f6b6e5be398},Student623 Name623,student623,CS205
{236d52f1-b04a-47de-b92b-2ae73d1f5ccc},Student624 Name624,student624,CS205
{6db08498-3ad7-4f1a-adfb-aef5ce06ffa7},Student625 Name625,student625,CS205
{8500991e-d475-4cb8-a1a2-2c57e7e5163a},Student626 Name626,student626,CS205
{41500468-4e35-4679-a509-b4e176242d58},Student627 Name627,student627,CS150
{97326c1d-3b07-46b6-a00e-c45d0da37196},Student628 Name628,student628,CS150
{4bbf1d6a-77ac-46aa-a9be-3d1c051d31a0},Student629 Name629,student629,CS150
{83c2784f-f36d-4ac2-90ee-4dbe60677948},Student630 Name630,student630,CS150
{5e2c1dd8-0a5d-4ae1-8350-99b2581ec538},Student631 Name631,student631,CS205
{ca9b357a-01fc-4b39-bf69-63f7c928f685},Student632 Name632,student632,CS205
{deb61c12-23ef-4ae1-b04b-78cbad2bc2c5},Student633 Name633,student633,CS150
{690226fa-710c-4cf1-935b-c0cf17cc8e01},Student634 Name634,student634,CS150
{a53a5c3e-c0ac-4ca0-963d-f5d8c4767dcb},Student635 Name635,student635,CS150
{bcfc2d83-e238-4d37-931e-b295549df4e7},Student636 Name636,student636,CS205
{277f1f1a-d527-4578-a55e-2542738b21a8},Student637 Name637,student637,CS205
{5f488dc9-50b4-43ed-8703-8afa8cf9f0f3},Student638 Name638,student638,CS150
{1cb451ab-923c-46bc-b07f-304475b2721c},Student639 Name639,student639,CS150
{f3575626-758e-48de-8c51-9aacf14af11b},Student640 Name640,student640,CS150
{d8b871dc-d684-4905-aee9-21ad4540fc13},Student641 Name641,student641,CS150
{dff5e02f-a30e-43d0-905a-95fa042990c0},Student642 Name642,student642,CS150
{2487b902-9547-4cf4-8c35-6223c5bf5918},Student643 Name643,student643,CS205
{f9634ad7-94da-4231-90b2-b0ba66a61651},Student644 Name644,student644,CS150
{2b7308a0-7501-4d45-a455-39a09be498ec},Student645 Name645,student645,CS150
{cfef6dcb-c452-47c0-a810-eee5e72b36ad},Student646 Name646,student646,CS150
{d2f48e87-31ba-4644-aa3f-6a41028e8b36},Student647 Name647,student647,CS205
{58974adb-95f8-4cf4-a4b3-d8903a2ef73b},Student648 Name648,student648,CS205
{7a853ac8-7afe-4024-b2fd-bf198ddc035d},Student649 Name649,student649,CS205
{e9ec1cc6-af6f-43cb-bddf-0a462902d278},Student650 Name650,student650,CS150
{c04e0fee-4a4f-4352-99c6-fcd4aa6c6d33},Student651 Name651,student651,CS150
{6e377e7d-4c78-432b-85ad-a7bc6738500e},Student652 Name652,student652,CS150
{f7dc24e7-0f11-41f7-b09b-a1fb839661ce},Student653 Name653,student653,CS205
{0cf1ae43-32a2-4030-b149-3f7ea3fc432c},Student654 Name654,student654,CS205
{26fab729-dbd1-410c-8474-465db0b4d999},Student655 Name655,student655,CS205
{cde42cf4-3e5e-49f4-8e4c-7035a03b29dc},Student656 Name656,student656,CS205
{15158f94-3004-4f6e-9996-9d0cbc972216},Student657 Name657,student657,CS150
{af9a0649-7121-499d-8810-6e106b376006},Student658 Name658,student658,CS205
{f3c60ddc-4fd1-4a97-b891-03c744cc1de9},Student659 Name659,student659,CS205
{f79a1bc1-91f0-4eae-ba34-baae33bc5a79},Student660 Name660,student660,CS205
{9020e450-cf9e-4248-8eef-cc1cffa13cdf},Student661 Name661,student661,CS150
{fa627b04-04c8-41b2-894c-fb9a38630cdc},Student662 Name662,student662,CS150
{2006078a-ae67-4ca4-a321-07ba73fd59b9},Student663 Name663,student663,CS150
{d6a55ad0-4651-4af0-a799-d587454cf258},Student664 Name664,student664,CS150
{a38eb92d-7b12-416f-a858-71e149dc734b},Student665 Name665,student665,CS205
{2c417b1d-95b6-408b-98bd-ed1a79d3effc},Student666 Name666,student666,CS205
{bcad72d1-b76a-4c5c-b705-8d01a71d116b},Student667 Name667,student667,CS205
{acf0c38f-2de3-4739-8c3c-06799ae67e16},Student668 Name668,student668,CS150
{8f307ecb-bbdf-4da4-96c1-b2fb4d1484ae},Student669 Name669,student669,CS205
{cd72eaeb-993f-4095-8277-12c35c5362d7},Student670 Name670,student670,CS205
{f529c153-48c6-40c2-89fa-40b37845436f},Student671 Name671,student671,CS150
{5c3af5ab-02c0-4a7f-821a-70aaa4100e4e},Student672 Name672,student672,CS205
{c05e077e-1f55-496b-ba0f-b4122989ff7c},Student673 Name673,student673,CS205
{c22276a4-d173-4730-8808-e51530700d71},Student674 Name674,student674,CS205
{966614af-cc00-4f9a-93ea-a9850b9ff23b},Student675 Name675,student675,CS150
{67db4660-87c6-4e77-bf37-1f71e2e6b63a},Student676 Name676,student676,CS205
{f0a78ca1-73ed-4c11-b40e-6bb130664365},Student677 Name677,student677,CS150
{b604c8ce-3b64-4691-8966-d06bae25034e},Student678 Name678,student678,CS205
{e4e4873b-c5f1-4bcd-8422-0e4b6a9fb36e},Student679 Name679,student679,CS150
{9cdf5a61-032e-471d-933a-5a41b064ab49},Student680 Name680,student680,CS205
{58c7b6c2-a5fe-4f59-949e-9916e9c8c60d},Student681 Name681,student681,CS150
{39a86a42-d07f-47ec-9409-2831ad12b154},Student682 Name682,student682,CS150
{33979fe5-5b33-4c28-8bba-aaa6816c677a},Student683 Name683,student683,CS150
{98214e8a-d504-4d5d-be19-05bcbb1afa98},Student684 Name684,student684,CS205
{06fec9e5-e7f6-49a2-8cd5-33333a1518bf},Student685 Name685,student685,CS150
{803244ff-b566-43e4-8f01-1d23a8a1ade9},Student686 Name686,student686,CS205
{84ed43c3-be90-4b12-899f-7fddce5a12ec},Student687 Name687,student687,CS150
{379919ff-3a96-44e0-9e98-7622bfea747c},Student688 Name688,student688,CS150
{f5707e07-5510-4f6d-810a-7707f45d4c47},Student689 Name689,student689,CS205
{1e4dc5d5-5a8b-41cf-8215-29a425d0461c},Student690 Name690,student690,CS150
{ad8a3e79-ee92-441d-ad0e-1f1457ae64f7},Student691 Name691,student691,CS205
{22268635-b20c-43b2-a38c-ba534ec45141},Student692 Name692,student692,CS205
{bce295a9-7654-4500-94bf-cdd2352141e3},Student693 Name693,student693,CS150
{d49f2dc8-d358-4330-8706-f2ff6eac5c24},Student694 Name694,student694,CS150
{002f7263-d7d2-4f4b-bde7-6678d0dff30b},Student695 Name695,student695,CS205
{0a15334e-b4cb-4edb-966e-3e66461554df},Student696 Name696,student696,CS205
{89339cdf-b70c-4c08-bef0-0d2064d46356},Student697 Name697,student697,CS205
{38cfae90-ec7a-4e55-938f-fe1b43c879dd},Student698 Name698,student698,CS150
{22f2b01d-2d48-412c-8471-fcb83175d20d},Student699 Name699,student699,CS205
{e0f91c23-17e4-455d-8cee-bf8c047a31be},Student700 Name700,student700,CS150
{8867e513-f1d5-4ed3-9257-6f0598909ba6},Student701 Name701,student701,CS205
{d4982799-4c47-4712-aa31-e7cafd5295c3},Student702 Name702,student702,CS150
{523ca21e-422d-435f-965a-5be19493d1c9},Student703 Name703,student703,CS150
{544c27a3-ac3a-4edf-9a38-ff8c32a33850},Student704 Name704,student704,CS150
{408cadbb-c373-44d3-a010-fa0990dc85e3},Student705 Name705,student705,CS205
{c5eb96ae-5678-4c29-bf02-57bf3e1b8033},Student706 Name706,student706,CS150
{b07ac085-3627-4b0a-b7ca-36ca3d2716df},Student707 Name707,student707,CS205
{44fb9a7a-d9f4-4b7c-a06c-54f037b8e33e},Student708 Name708,student708,CS205
{3427798e-5dda-41fd-a714-1b63cff6487b},Student709 Name709,student709,CS205
{8a1d22fd-c0bf-49c5-9d79-cf966c02916e},Student710 Name710,student710,CS205
{275caa94-edf1-40ee-9c6b-50be90a74a0b},Student711 Name711,student711,CS205
{18acc5de-efd3-404a-b913-81d0f839dcea},Student712 Name712,student712,CS205
{89046a85-4d13-46c1-9d6f-7a4e5b44e517},Student713 Name713,student713,CS150
{a7a26d7f-a20c-4f79-8d3d-96d4a20ad075},Student714 Name714,student714,CS205
{49e63f2d-b509-41b3-a151-8d35aa3efccd},Student715 Name715,student715,CS205
{0cf6c9bd-be14-4fc0-9c77-d8a17de3e692},Student716 Name716,student716,CS150
{7c61c41f-a1b4-43ea-978f-013041777228},Student717 Name717,student717,CS150
{53d1282a-cb0f-4e3b-906e-3c79579d12c9},Student718 Name718,student718,CS205
{86a27005-34d7-4b77-a0e8-044eef27324c},Student719 Name719,student719,CS150
{0cb6e192-23c7-42c8-9df1-9ecb854b72a4},Student720 Name720,student720,CS205
{40c65428-a7ce-4d6d-b495-70056bd6d386},Student721 Name721,student721,CS205
{fd79105e-fb90-42d5-a75b-e8e08b6ff37f},Student722 Name722,student722,CS150
{1a8032e8-0e1f-454e-91a8-50948a60fa06},Student723 Name723,student723,CS150
{a3825825-38da-4742-a67a-a2e67653fb5d},Student724 Name724,student724,CS150
{d1bd03f0-812a-464e-af37-ca71af4e783d},Student725 Name725,student725,CS150
{4534ce88-c3ea-46a6-b37c-2bfbb18a5155},Student726 Name726,student726,CS205
{2d87c105-7103-444c-82c2-c50ee40d6b3c},Student727 Name727,student727,CS205
{1a39e094-bc99-4bbd-93bc-11b15d0d0069},Student728 Name728,student728,CS205
{47ec32a7-1619-4496-8a51-f7cd0c862307},Student729 Name729,student729,CS205
{70700dd3-faf9-4380-b100-9691aae5ea95},Student730 Name730,student730,CS205
{9b4a0ee3-f6c4-4261-a289-b46aac99c10c},Student731 Name731,student731,CS205
{43e50b67-525d-458c-9fef-44d9fd300d8e},Student732 Name732,student732,CS150
{43811d1d-a4af-4649-bfc7-69d61fda15a7},Student733 Name733,student733,CS205
{d7051ee9-bbcc-4c22-acf4-0fd74e2f344e},Student734 Name734,student734,CS205
{2a25a958-5d7f-42a5-b9e8-8adcbe54951f},Student735 Name735,student735,CS150
{d2d2904f-da02-4325-9af6-c1f70c61dd23},Student736 Name736,student736,CS150
{7756e3bb-61aa-48ea-8fa5-499f1ec817ee},Student737 Name737,student737,CS205
{fb156886-a035-4084-8f67-53f66e39ffd9},Student738 Name738,student738,CS205
{383c7980-f54d-4022-8a35-c22a754a57c2},Student739 Name739,student739,CS150
{b8f48094-192d-4b08-837b-9c06a92b6627},Student740 Name740,student740,CS205
{a5e427e4-6ccf-42a4-8d63-6932441e52f8},Student741 Name741,student741,CS205
{ffe5cccb-1927-41c4-9d60-54a7a9056ea9},Student742 Name742,student742,CS205
{894776ea-e42a-44e3-b021-f163876a3055},Student743 Name743,student743,CS150
{e21c3eaf-4464-45a4-b720-0b7d92129847},Student744 Name744,student744,CS205
{113fcee9-7ab7-40e4-8952-f8ed97156c17},Student745 Name745,student745,CS150
{5f512edc-6f6c-4ded-a409-9fc4218b81a1},Student746 Name746,student746,CS205
{93d4ba49-8904-46c7-9ac9-a4145d5d3b28},Student747 Name747,student747,CS205
{286786b5-6b98-4d7d-9d32-60ee796a69c8},Student748 Name748,student748,CS150
{7ff41fa9-622d-4b43-9af0-d358218a4eb8},Student749 Name749,student749,CS205
{b78cbe92-9e88-4549-9f8a-6299a3674dc3},Student750 Name750,student750,CS205
{9951bc2a-fe8d-4659-87a9-f83f265ffe52},Student751 Name751,student751,CS150
{6c33a187-fa6a-4a1d-aff5-90f45be3ad26},Student752 Name752,student752,CS150
{9d549215-eb9e-476f-a1bd-3355205f83e8},Student753 Name753,student753,CS205
{b8d21e59-c1fb-4344-ba74-d7b64484da46},Student754 Name754,student754,CS150
{d8b4615b-aeec-404b-9162-ebe8ee7e56a1},Student755 Name755,student755,CS150
{21f60306-746f-489a-8d91-bff663b63de1},Student756 Name756,student756,CS205
{fac5475f-d228-4722-8e0d-f891707ebb57},Student757 Name757,student757,CS150
{3e8696a1-4f7a-4d75-9c51-ced24132a8e3},Student758 Name758,student758,CS150
{7d6f50d0-ec52-41bd-b19a-09c098a50c1d},Student759 Name759,student759,CS150
{abf27755-90cb-4718-8e9e-355ff6eda468},Student760 Name760,student760,CS205
{6290881e-ea7d-42c3-b1f4-bef8a2dfda4f},Student761 Name761,student761,CS205
{8cac7001-c710-4d35-81ae-81d596b41b10},Student762 Name762,student762,CS150
{6144584a-6af7-42ab-a6e3-bf07f71fbf72},Student763 Name763,student763,CS150
{38d51fd0-f93e-4f55-b945-64a9d63decdf},Student764 Name764,student764,CS150
{6fd4bfa4-ff90-469e-8861-e2476359f3d7},Student765 Name765,student765,CS205
{7820d3b6-661c-41ac-9c76-b7a6c6870384},Student766 Name766,student766,CS150
{ff09212d-1fd1-46f7-b229-740123e1b5a7},Student767 Name767,student767,CS150
{fee20cd6-5aa1-4251-98f8-b6a418b71b25},Student768 Name768,student768,CS205
{e483552b-d52f-4150-a1ca-887f623e81e6},Student769 Name769,student769,CS150
{72ea101a-8997-4060-aa47-6bd6fc28d7c0},Student770 Name770,student770,CS150
{09cb020a-6bae-41d4-962a-164c95eb53ab},Student771 Name771,student771,CS150
{931c9146-8a03-460a-90f8-ff9d0fadfd41},Student772 Name772,student772,CS205
{bd12238e-678a-4c0d-bd9f-f7f0bbeaf0aa},Student773 Name773,student773,CS205
{300f3647-4af5-406a-b493-e4914e86cf5e},Student774 Name774,student774,CS150
{4a729cf9-4d94-44e0-b83d-65b69f58b007},Student775 Name775,student775,CS150
{b9a27f71-82ba-4096-820e-16f83f93074c},Student776 Name776,student776,CS205
{8b396ebf-210b-406b-a0ac-c019b73e123b},Student777 Name777,student777,CS150
{71fc7522-14cf-48fc-9c97-f13301391464},Student778 Name778,student778,CS205
{9377c380-bfe7-428e-b843-44aa577fc3c1},Student779 Name779,student779,CS150
{ed707264-3df9-4a7b-9e45-490b1a0b1238},Student780 Name780,student780,CS205
{07e21e37-49b9-48c7-b5e2-a53ec0bba84e},Student781 Name781,student781,CS150
{7cd4f1c0-6973-44ec-947b-8e46437272cf},Student782 Name782,student782,CS150
{f024ffd4-e9ff-4704-8b4c-902af9569fb1},Student783 Name783,student783,CS205
{f036859a-1160-4708-b715-bfff28ce4aed},Student784 Name784,student784,CS150
{484e4ea2-bc4c-4ea6-b538-b3ebd2007ef4},Student785 Name785,student785,CS150
{ac128443-36be-4803-88de-b8f3df1ab871},Student786 Name786,student786,CS150
{a8a43666-9c37-42c2-b98e-8e580f20b16f},Student787 Name787,student787,CS205
{342d7645-aaae-4c68-8961-c200b6ba82f1},Student788 Name788,student788,CS150
{d8ed6fa2-d02c-4c0c-a0c0-66a6670a2574},Student789 Name789,student789,CS150
{81cc0a8b-d9e9-4e01-bf69-5d45b247b95c},Student790 Name790,student790,CS150
{9b7bde3d-0c55-4ef0-956b-7d986c759dfe},Student791 Name791,student791,CS150
{a4a18bbc-8f8d-40d3-9de3-18afb7b7b60e},Student792 Name792,student792,CS205
{05fdd7e9-cc4d-4810-9bef-e01d46260b8f},Student793 Name793,student793,CS150
{83aa4de6-17d3-46ea-9c37-853f45b66acb},Student794 Name794,student794,CS150
{e96e837e-af67-4557-bfd6-b7db80f52d33},Student795 Name795,student795,CS205
{4b9761e9-5581-4259-b05d-9558cc20287d},Student796 Name796,student796,CS205
{a10775ed-ddd4-4308-96d3-58e1a941312b},Student797 Name797,student797,CS150
{1860b855-14d0-4e4e-a14b-797e1929ac7b},Student798 Name798,student798,CS205
{2bfec86d-55e6-4569-ad45-c248fe39afcc},Student799 Name799,student799,CS150
{61daecbf-73bc-42ba-b552-18dbd46d6a86},Student800 Name800,student800,CS150
{0a384a8c-7caf-491a-bd35-b97f0b66fa50},Student801 Name801,student801,CS150
{35de2fd6-a53a-4be9-a784-cd337734bc62},Student802 Name802,student802,CS150
{2c0de030-56f6-4dfb-b666-b1175fa4e297},Student803 Name803,student803,CS205
{6f6cf040-44a4-4f18-946e-0c23e23af4a5},Student804 Name804,student804,CS205
{eefbe191-bada-4582-bbcb-d0f65a41d9f5},Student805 Name805,student805,CS205
{d3b5fa89-86ef-411a-a377-9881be30c483},Student806 Name806,student806,CS205
{2d0c02c5-cabb-40c6-a013-ca1525d2390a},Student807 Name807,student807,CS205
{944f7b01-9c54-4ca6-9c24-165fe042fc39},Student808 Name808,student808,CS205
{e18c5bca-94b5-44e4-987c-c13cceb920db},Student809 Name809,student809,CS150
{aed57af4-d032-426e-af16-e462afe1919b},Student810 Name810,student810,CS205
{056e5c47-2511-4f91-81bc-8566005be716},Student811 Name811,student811,CS150
{0d65e9b3-b98b-4b85-8edf-4f789f322016},Student812 Name812,student812,CS205
{95afb18f-6fb7-489a-b032-8ca5af51fdc2},Student813 Name813,student813,CS205
{ec7e6c2a-b805-47dc-92db-5a2b75540d75},Student814 Name814,student814,CS205
{bc5248f3-32c2-4a22-8541-d5d80d613413},Student815 Name815,student815,CS205
{fb4c0676-e54d-4e8a-9b33-cf61c54e0664},Student816 Name816,student816,CS205
{de8cb23b-1b21-45ab-b477-46fe57b93c38},Student817 Name817,student817,CS205
{a02a0793-2733-4f9e-b95f-a46c43dabdac},Student818 Name818,student818,CS150
{eef5f866-0b8a-479a-9d0c-c4dbe0490ea4},Student819 Name819,student819,CS150
{1cccff13-78dc-4015-a349-eb3b9a5a2bae},Student820 Name820,student820,CS205
{8d7129d9-2abd-49d6-9f89-b05e56071603},Student821 Name821,student821,CS150
{add2f5a3-632a-4e57-a5bf-84048329bc87},Student822 Name822,student822,CS150
{58720028-3aa9-4054-8c91-065a22eccc85},Student823 Name823,student823,CS150
{bb8982cb-587c-4eec-932d-790a762c1878},Student824 Name824,student824,CS150
{14ee5bdc-5e90-426a-98ff-a4def8904cd8},Student825 Name825,student825,CS150
{d710e71b-5971-4950-9762-2f79c2f866a2},Student826 Name826,student826,CS205
{92c0e797-6d28-49df-9cb0-c2a97a6b8b0d},Student827 Name827,student827,CS150
{fa10ec42-349f-4795-b3f7-e9b1aa4fa327},Student828 Name828,student828,CS150
{523ddc30-e78c-4872-ba03-e248f2bf3a82},Student829 Name829,student829,CS205
{9d57313a-e481-4cfa-af47-aedeb4d7e1ef},Student830 Name830,student830,CS150
{0d7d6100-3d93-4e5d-a324-2de9f91f2742},Student831 Name831,student831,CS205
{7d54d849-b5dc-4359-9d68-fde9af95464a},Student832 Name832,student832,CS205
{f4c99fc6-5bed-4ea5-8f02-52ee3c7232c0},Student833 Name833,student833,CS205
{fd2cebc9-81cd-4776-ad6f-5021aed9b964},Student834 Name834,student834,CS150
{68ac6fb5-688f-48c1-98c2-33b534917114},Student835 Name835,student835,CS150
{33f8ef37-e9e0-40e9-955a-5bb811e103ed},Student836 Name836,student836,CS150
{d8a12309-87c3-4a0d-b5b8-b883fbc47adc},Student837 Name837,student837,CS150
{1e646935-ef58-48bb-9fa7-e70c9a95c597},Student838 Name838,student838,CS205
{49c35d19-cee6-4877-b4d0-a9bab7084068},Student839 Name839,student839,CS205
{ad0503af-2421-4edd-a841-28a798195756},Student840 Name840,student840,CS150
{2005962d-0d4e-4830-bf62-032a057ffd8e},Student841 Name841,student841,CS150
{b94aed19-1f13-49b0-98c6-644a9432b39e},Student842 Name842,student842,CS205
{92b2be8a-1c87-4e8b-941f-2681edf29fa5},Student843 Name843,student843,CS205
{f7561a59-4c62-4c8b-ac51-1e27862c19f6},Student844 Name844,student844,CS205
{a4490315-3ca8-49c2-b88d-adaf48e52d22},Student845 Name845,student845,CS150
{28850810-3aa5-4c81-a2ae-b4c9d55d7281},Student846 Name846,student846,CS150
{c5a8c441-0460-47b4-aec8-8a4a3f0be761},Student847 Name847,student847,CS205
{116f397f-134a-4daf-b269-837e8db31c63},Student848 Name848,student848,CS150
{d5b9f357-d048-409c-bc36-8793addc2749},Student849 Name849,student849,CS205
{4591abb5-c281-4b86-99ea-1d0249e35db3},Student850 Name850,student850,CS205
{78c43b1f-d0ae-4410-bfcb-617d24c74e6a},Student851 Name851,student851,CS205
{dc0c7d74-615e-42b6-867a-e4ca07562686},Student852 Name852,student852,CS205
{8be0fa6b-485b-4c20-9d19-e6ed7d26c14a},Student853 Name853,student853,CS205
{07ec002e-ea28-468e-aa48-d6f8c678ca74},Student854 Name854,student854,CS150
{b1fda95b-b2c4-4d24-baa1-c9e8e49a8b30},Student855 Name855,student855,CS150
{73e70bc9-e361-451b-81ea-ca03377f9f9f},Student856 Name856,student856,CS205
{8e1f28c9-39eb-4ba9-925a-23e7a4be3427},Student857 Name857,student857,CS205
{b8b33983-7c71-4fe4-91bb-7d864fc3a6b0},Student858 Name858,student858,CS150
{47197ef0-9a89-4a90-92ab-dc6f30686a12},Student859 Name859,student859,CS205
{ede7ce12-e718-4f8c-9916-922bbb1b5de2},Student860 Name860,student860,CS150
{64a9ccd7-9d58-4473-82d1-b9543f07c97d},Student861 Name861,student861,CS150
{af4723be-b80c-479f-894f-6823c8f525fa},Student862 Name862,student862,CS150
{346ca9f3-b00c-4f4f-9775-f2079f4a8213},Student863 Name863,student863,CS205
{b22ddca6-820f-4045-a43b-210f7ac73c62},Student864 Name864,student864,CS205
{b7e57def-e0f2-4ead-84a4-5c5970e9d8b0},Student865 Name865,student865,CS205
{fe5d4860-07e9-45be-a478-58ab92704581},Student866 Name866,student866,CS150
{cd218682-2d12-40df-a328-5558ab5e63b7},Student867 Name867,student867,CS205
{a7a968b4-88d9-42df-904e-fcb55e729237},Student868 Name868,student868,CS205
{f2f34554-ecad-4eb6-9820-fcd7aa7bb4cc},Student869 Name869,student869,CS205
{1b2488a1-d773-4a24-8376-8d3e882fc454},Student870 Name870,student870,CS150
{2b4a7caf-96f3-4d57-9195-6df0442ac03a},Student871 Name871,student871,CS205
{93fa4a24-671d-4735-9d71-e32aa773bc29},Student872 Name872,student872,CS150
{041db5bf-6699-45ad-93cf-fff7defca3db},Student873 Name873,student873,CS205
{44b6242e-754a-4298-b74a-0fd5f26fe204},Student874 Name874,student874,CS205
{3e9d920c-3394-48b5-b9f2-edabb216ae57},Student875 Name875,student875,CS205
{4292151d-8037-4359-bf0e-83865ea21993},Student876 Name876,student876,CS150
{fb112208-accd-4665-9282-be9e5a8510db},Student877 Name877,student877,CS205
{aa41a3ad-a3be-460a-9691-fe2482910d41},Student878 Name878,student878,CS150
{0cfa321c-4ebe-4874-8450-5a1090f96243},Student879 Name879,student879,CS150
{43410ae1-cb4a-474c-ab78-b94ad447849f},Student880 Name880,student880,CS150
{d424aa76-f4d0-44aa-9d10-a5c8934134a2},Student881 Name881,student881,CS205
{7fd06ab7-6b3b-4b6c-9d35-513152000dff},Student882 Name882,student882,CS205
{8dd9415f-0b9a-48d3-9d47-6e071d86abbc},Student883 Name883,student883,CS150
{948b0146-f33e-45b9-b783-72e6d4d99221},Student884 Name884,student884,CS150
{12fca9ab-c905-4b26-92f1-4b3f9904a907},Student885 Name885,student885,CS205
{3fa4b168-76af-4c5a-aa6b-ec4e8744fb81},Student886 Name886,student886,CS150
{092bc1c3-1248-41ff-8d93-fb74df41b571},Student887 Name887,student887,CS205
{ee355d09-7dbc-42e6-8c93-6ed20dad9165},Student888 Name888,student888,CS205
{c6723a8f-461f-4394-958f-e6a51f0e5f7a},Student889 Name889,student889,CS150
{aa37672a-d320-40b2-bc76-1ea0c87fc00c},Student890 Name890,student890,CS205
{f6d71c8e-5a2b-474a-8b5b-c36fe2a7b07d},Student891 Name891,student891,CS205
{cbf4bc61-ce62-4f0c-af1e-dd54bc96d89e},Student892 Name892,student892,CS150
{d3cdc92a-9bb0-49b1-bd7e-38659c67108e},Student893 Name893,student893,CS205
{23a49b2d-bf17-472f-b3af-d4b12965f2b1},Student894 Name894,student894,CS205
{db3ce938-f08a-4aa9-a72a-7f6f2810be65},Student895 Name895,student895,CS150
{6c14e12e-5903-4dd0-83b3-5d22a07e9982},Student896 Name896,student896,CS150
{3c5d3876-8a84-4008-9a9e-15e65c8589db},Student897 Name897,student897,CS205
{8b59eb81-5996-4065-bdf9-11afc03c8a2c},Student898 Name898,student898,CS205
{8cfdd9dd-dcb1-403a-97ad-d8f223f9f8e6},Student899 Name899,student899,CS205
{93887422-fba0-414b-9452-e70a1761d3de},Student900 Name900,student900,CS150
{b4b8ac93-008f-4f95-a4e1-0492816b9c73},Student901 Name901,student901,CS150
{b79ba215-15ee-452b-8cd3-82565e912b6a},Student902 Name902,student902,CS205
{d8a5a876-ce2a-4c13-91e8-b4216c69f57a},Student903 Name903,student903,CS150
{0d4bbfb4-e80d-4c2e-b7bb-d831f05b5e30},Student904 Name904,student904,CS205
{913ba1ab-5a8d-4373-828c-0deea656dffb},Student905 Name905,student905,CS150
{49996721-0c2f-4359-b804-c066e891ad96},Student906 Name906,student906,CS150
{9b687a32-f6b8-408f-96c3-47fff95b074b},Student907 Name907,student907,CS205
{967b2977-46bb-417b-842d-8f6d3d270be7},Student908 Name908,student908,CS205
{b613e0de-3a66-4e68-b653-11f7bc3c6430},Student909 Name909,student909,CS150
{5a22f0e5-41fd-4d9a-befd-e863f1739d2c},Student910 Name910,student910,CS205
{a18470c9-bbee-4e51-ac54-8ee88c082243},Student911 Name911,student911,CS150
{abd96b50-e111-4290-be60-f60d3c8b6cdb},Student912 Name912,student912,CS150
{a32a1233-efd1-42bf-963a-8b3c33a8ed38},Student913 Name913,student913,CS205
{d0343f3b-5e8f-4a12-868c-8fa33d01e931},Student914 Name914,student914,CS150
{bb0fbe3f-17c7-4ccb-8c68-fb979a3d2fcd},Student915 Name915,student915,CS150
{eed3e3c2-a929-4baa-b9aa-6fc88fe9dc97},Student916 Name916,student916,CS150
{6fcac41f-a464-42a4-97b6-ae7547166365},Student917 Name917,student917,CS150
{72c69f54-f199-42f4-85b2-09ba49d07998},Student918 Name918,student918,CS150
{5f341f48-7d81-40c2-916c-416bbf73d55d},Student919 Name919,student919,CS205
{8eaa33a0-44ca-48aa-b578-6282a6b26ec2},Student920 Name920,student920,CS150
{4ec6ffd2-fa70-4ac7-8a5d-a1678a6eb8f6},Student921 Name921,student921,CS205
{37f2e060-fde1-4e8a-8987-3818e396bd52},Student922 Name922,student922,CS205
{c6821df6-d249-4896-8654-0238ce4cdd61},Student923 Name923,student923,CS150
{baf7f280-f193-4e06-ab16-5130027fdb8d},Student924 Name924,student924,CS150
{8554d8be-abe3-4ba3-af5d-1fd87751dd0d},Student925 Name925,student925,CS150
{0b84dcf1-d4d8-448e-ac34-d15ec8e0abd8},Student926 Name926,student926,CS150
{bd38f377-5de2-4c19-9417-8ae455c01123},Student927 Name927,student927,CS205
{57502a9c-0d38-4a9c-85b1-d15c6c9d21ec},Student928 Name928,student928,CS205
{84c9489a-2594-4746-aeb5-ab91e0c8b3bf},Student929 Name929,student929,CS150
{f0874fd0-9116-4adc-b321-061e84fa2d98},Student930 Name930,student930,CS150
{120a9926-9b66-4f4f-8bf8-7d6f79196ea1},Student931 Name931,student931,CS205
{f36f77b6-7568-469e-8bbf-86a270faaa47},Student932 Name932,student932,CS150
{f1dc646e-00a8-479a-aea8-8f52edb25566},Student933 Name933,student933,CS205
{26cae01a-2312-4180-b68e-e8ecb2110196},Student934 Name934,student934,CS150
{e8511999-cb6c-4177-95a1-9802f3a65a3c},Student935 Name935,student935,CS205
{b8b138ed-48ce-49e6-b486-b9d167061603},Student936 Name936,student936,CS205
{9198b7e0-5b25-43fb-b100-9822d908e58d},Student937 Name937,student937,CS150
{f4b56ac1-0eb4-421d-8129-02c704b61038},Student938 Name938,student938,CS205
{6ca60368-a29d-4eb6-ae22-9783dbee58df},Student939 Name939,student939,CS205
{f1b2bbff-a46d-4694-b767-3e36aa649697},Student940 Name940,student940,CS150
{28082595-4905-467e-a06d-170d8543567e},Student941 Name941,student941,CS150
{3330ea0d-3711-4b57-a70f-f6f5ad93d87d},Student942 Name942,student942,CS205
{205a18bb-117e-45a4-81ec-c1267900a3e2},Student943 Name943,student943,CS150
{162548bb-7dcd-4f25-94c4-9b8fe148bba8},Student944 Name944,student944,CS205
{1ef42468-1215-4855-9765-799d9279023f},Student945 Name945,student945,CS205
{0ae2deb1-635e-4ecd-88df-3a4c6da75656},Student946 Name946,student946,CS205
{062c8184-109f-46d3-8a2e-6afeac259352},Student947 Name947,student947,CS150
{3dc845e5-52a0-4386-b10d-9a1a8d3381e1},Student948 Name948,student948,CS205
{23cb21de-054a-4518-b97a-e3b5ae7c6045},Student949 Name949,student949,CS205
{1e69cb10-21d3-4fa6-a1dc-ec2f43121820},Student950 Name950,student950,CS205
{9d4b5a3c-1cf0-4af7-a220-51ed3d1d4582},Student951 Name951,student951,CS205
{3b57dca9-0c92-46c6-b0e5-a9d20e69349e},Student952 Name952,student952,CS150
{05ae46ef-14ed-4b56-9d80-1aeb744b6332},Student953 Name953,student953,CS150
{79d67c75-2258-4d08-81f0-817dd42108e8},Student954 Name954,student954,CS205
{9720ef81-12d3-4719-95a4-3f041a7680c6},Student955 Name955,student955,CS150
{68e829d3-427d-4b3c-a31b-f1e551f6149e},Student956 Name956,student956,CS150
{8cbedc1b-824c-4f06-bbd9-bc0d8e35bc48},Student957 Name957,student957,CS150
{312e6908-ddbe-4752-8225-0660845c96c4},Student958 Name958,student958,CS205
{058ccbf2-775b-4c9a-bb1a-6c6d5bf0f46b},Student959 Name959,student959,CS205
{1f2ddf44-233f-4b8d-b823-4af3b93396ac},Student960 Name960,student960,CS150
{876c6a18-49a8-4271-8673-f1acf5ed81c3},Student961 Name961,student961,CS150
{8a21d191-eda6-400e-8172-2ed7ebf30d0f},Student962 Name962,student962,CS205
{753b2ce1-5b7d-4f7c-b12f-dff9f2a233ee},Student963 Name963,student963,CS150
{11abb556-21db-4e33-96de-5e7cdf5c9973},Student964 Name964,student964,CS205
{f4f1eadd-7bdb-4195-a34e-33fddd6677f2},Student965 Name965,student965,CS205
{f18cd403-5fd3-4d9e-91bb-b994cc153d95},Student966 Name966,student966,CS205
{b668c5ef-45bc-42b1-9e53-f372c3a6f53f},Student967 Name967,student967,CS205
{2f97430b-b6c6-4b28-b260-ff962803667d},Student968 Name968,student968,CS205
{4c97fa2d-9adf-408a-90d5-082c7f1206c6},Student969 Name969,student969,CS150
{15b2989d-c857-4375-821c-62c9c7a0d1ac},Student970 Name970,student970,CS150
{3ddca30f-849b-489f-8e80-1286700ca271},Student971 Name971,student971,CS205
{c9845dd7-f47e-4642-80c9-2df8b5d832ca},Student972 Name972,student972,CS205
{90ec2dde-7924-4dcb-9aa6-b55cde1a3523},Student973 Name973,student973,CS205
{91f33f7e-5d71-4c05-9ad7-ff588d5a90fe},Student974 Name974,student974,CS150
{9164d0a4-dacc-4d6e-a906-9575f325bd20},Student975 Name975,student975,CS150
{a5bc8ae9-ec81-430e-90d6-842f5385bb35},Student976 Name976,student976,CS150
{b4ca3c58-0c8b-447c-9ccc-b5edb1f71490},Student977 Name977,student977,CS205
{5732f566-3b88-49a2-b639-8ca9baa4ae6a},Student978 Name978,student978,CS150
{65263c9b-3995-4e91-94b1-3db2d9e05b08},Student979 Name979,student979,CS205
{d8954c2d-c094-41e3-91bd-8ed36ffc6a6d},Student980 Name980,student980,CS150
{b9b5d166-3bbb-4381-a36e-5507dea9028b},Student981 Name981,student981,CS150
{4b3d4655-3556-452d-8eb0-1ed9295d917c},Student982 Name982,student982,CS150
{99eacfeb-32a1-41a4-8c6d-abbea86cca68},Student983 Name983,student983,CS150
{2a02039b-dd2e-40ce-976d-1cb51a2b915a},Student984 Name984,student984,CS150
{8af6fe6f-07b4-4a12-95d7-93ff590ab7d9},Student985 Name985,student985,CS205
{7c60ac93-7d55-4214-90d7-971b17dbdf5c},Student986 Name986,student986,CS150
{0647a28c-1fa4-4912-8eb7-48d50589e47f},Student987 Name987,student987,CS205
{29f7fb18-6d15-478e-a902-c7b17ae664d2},Student988 Name988,student988,CS205
{c579eb9d-5105-4dcc-9b98-e28453de7364},Student989 Name989,student989,CS150
{6fb5d520-1755-4e43-aba4-637be7b831c0},Student990 Name990,student990,CS150
{85ea275e-dc59-48af-b03a-019351f40cc0},Student991 Name991,student991,CS205
{24ad693a-d93f-4dd9-9733-c0e5072fa381},Student992 Name992,student992,CS150
{56dcb4f5-0158-4096-85e5-279580f1364b},Student993 Name993,student993,CS205
{f2e0da54-432d-4c5f-85ac-f3e14df2d267},Student994 Name994,student994,CS205
{2e4845e4-6c39-4f70-ae52-794f14c405e3},Student995 Name995,student995,CS205
{dd35bd5d-3150-49b6-961e-c8da2ebec60a},Student996 Name996,student996,CS150
{4923f626-0b4f-487e-8758-280214332b12},Student997 Name997,student997,CS205
{a9df124a-b975-48ba-9fc4-3f119b11ebcf},Student998 Name998,student998,CS150
{2317703f-dfda-413f-b8b1-5a977f035cde},Student999 Name999,student999,CS205
