{a527c9da-fafd-484c-beff-d42b80d401e7},Nicholas Little,littlenicholas,{d27912bb-f5f5-48dd-8b10-858add23694d}
{c5eedda0-e9c3-4cea-9ec6-8fda74946e15},Cynthia Simpson,simpsoncynthia,{2538d4b3-11e2-4a0a-ad17-32fa54b177a7}
{b708f69d-7c14-40c0-b924-2ab2a6d764d6},Steve Hunt,huntsteve,{7d50d4e5-c340-4dce-b3b4-4eb74c8b8a25}
{e2a8d9a1-0e07-40ad-b2dc-c8097ed9af3f},Scott Jones,jonesscott,{d27912bb-f5f5-48dd-8b10-858add23694d}
{4c2e56e7-82bb-4ba4-97c3-0e9d398a3957},Anne Ferguson,fergusonanne,{2538d4b3-11e2-4a0a-ad17-32fa54b177a7}
{a5f19d5f-afdd-4fc1-8293-4cd9599953e2},Ruby Harrison,harrisonruby,{7d50d4e5-c340-4dce-b3b4-4eb74c8b8a25}
{88cb61b0-02c9-421c-b2dc-14e04ea721c9},Billy Cook,cookbilly,{d27912bb-f5f5-48dd-8b10-858add23694d}
{7a92cbc2-48de-46e6-b055-9b2930449f1b},Albert Hansen,hansenalbert,{2538d4b3-11e2-4a0a-ad17-32fa54b177a7}
{3f35d5a9-96fc-4209-9c6c-5707262aec32},Todd George,georgetodd,{7d50d4e5-c340-4dce-b3b4-4eb74c8b8a25}
{a5bbd77b-0889-4499-afe7-c493d6843584},Raymond White,whiteraymond,{d27912bb-f5f5-48dd-8b10-858add23694d}
{8087ac4d-49f8-4754-8d3f-e77c44fed1d6},Beverly Ray,raybeverly,{2538d4b3-11e2-4a0a-ad17-32fa54b177a7}
{01092e96-0cdd-4428-a1cc-5623c2e89848},Matthew Stephens,stephensmatthew,{7d50d4e5-c340-4dce-b3b4-4eb74c8b8a25}
{5257d2d3-f666-4d02-96af-7da025b7308d},Randy Richards,richardsrandy,{d27912bb-f5f5-48dd-8b10-858add23694d}
{84250fbe-e17a-4ed7-9bd6-0a243a07bedc},Jimmy Carpenter,carpenterjimmy,{2538d4b3-11e2-4a0a-ad17-32fa54b177a7}
{ed803dad-8ac1-44b2-a0a1-d2433cd6a321},Jose Adams,adamsjose,{7d50d4e5-c340-4dce-b3b4-4eb74c8b8a25}
{282ae93d-8d10-4369-8c91-30737fead7ee},Howard Oliver,oliverhoward,{d27912bb-f5f5-48dd-8b10-858add23694d}
{c425dee1-e780-4c54-a5d9-053752ef7632},Philip Miller,millerphilip,{2538d4b3-11e2-4a0a-ad17-32fa54b177a7}
{761d644d-c39b-46fc-8436-d367cd43d33a},Jesse Wagner,wagnerjesse,{7d50d4e5-c340-4dce-b3b4-4eb74c8b8a25}
{89d27ebc-4389-4576-9960-9c1c43cae23c},Wanda Watson,watsonwanda,{d27912bb-f5f5-48dd-8b10-858add23694d}
{cec1c26d-beac-42da-bb13-ae6885f8c83b},Antonio Berry,berryantonio,{2538d4b3-11e2-4a0a-ad17-32fa54b177a7}
{416c5969-c18e-48f8-94fd-25363638f00c},Patricia Watkins,watkinspatricia,{7d50d4e5-c340-4dce-b3b4-4eb74c8b8a25}
{efcb3a75-90ac-4d9d-9545-04ca5342c6fc},George Jordan,jordangeorge,{d27912bb-f5f5-48dd-8b10-858add23694d}
{d01806f4-ef64-40bd-88a4-7e6acf4fcc6b},Daniel Edwards,edwardsdaniel,{2538d4b3-11e2-4a0a-ad17-32fa54b177a7}
{f9a455f1-113c-456e-975d-8b4bb8b600fb},Gregory Perry,perrygregory,{7d50d4e5-c340-4dce-b3b4-4eb74c8b8a25}
{3885a4f6-65a8-4831-8f41-9223b705af84},Beverly Anderson,andersonbeverly,{d27912bb-f5f5-48dd-8b10-858add23694d}
{0dd33938-4468-4d55-a26d-1b7f0752c5a7},Donald Sanchez,sanchezdonald,{2538d4b3-11e2-4a0a-ad17-32fa54b177a7}
{fd7eda81-a215-4744-a573-aba542981898},Daniel Montgomery,montgomerydaniel,{7d50d4e5-c340-4dce-b3b4-4eb74c8b8a25}
{48080523-50c6-4a15-9894-c34594f16c0c},Anthony Price,priceanthony,{d27912bb-f5f5-48dd-8b10-858add23694d}
{2d578fa4-51a6-4110-8278-6872029c75cd},Douglas Hughes,hughesdouglas,{2538d4b3-11e2-4a0a-ad17-32fa54b177a7}
{3f173693-8057-4b87-a957-56013f8c334d},Carlos Peters,peterscarlos,{7d50d4e5-c340-4dce-b3b4-4eb74c8b8a25}
{6041ad0d-711e-49fa-9785-9ffdc2eacd6a},Anthony Washington,washingtonanthony,{d27912bb-f5f5-48dd-8b10-858add23694d}
{9dd5b459-149c-48a6-83f8-3d801cc4df36},Russell Fisher,fisherrussell,{2538d4b3-11e2-4a0a-ad17-32fa54b177a7}
{01fc4f2c-4ce3-48d2-9ac1-173824206c9b},Gloria Harrison,harrisongloria,{7d50d4e5-c340-4dce-b3b4-4eb74c8b8a25}
{959621fd-eec5-4541-bf10-a5114b474ff1},Victor Thomas,thomasvictor,{d27912bb-f5f5-48dd-8b10-858add23694d}
{d8b32b28-7143-498d-9be9-aaf47fc24df4},Clarence Rodriguez,rodriguezclarence,{2538d4b3-11e2-4a0a-ad17-32fa54b177a7}
{d391de02-75f0-448b-8779-8e8e6cca8907},Carlos Thomas,thomascarlos,{7d50d4e5-c340-4dce-b3b4-4eb74c8b8a25}
{485d4826-7241-4880-8280-2663607d604c},Shawn Smith,smithshawn,{d27912bb-f5f5-48dd-8b10-858add23694d}
{674d22f3-5799-45ac-9b43-9ed349148950},Jerry Carter,carterjerry,{2538d4b3-11e2-4a0a-ad17-32fa54b177a7}
{e60767f9-926f-48e6-9022-e048b879ff7e},Jonathan Franklin,franklinjonathan,{7d50d4e5-c340-4dce-b3b4-4eb74c8b8a25}
{13fced6a-b3e3-4782-b6fb-f419822b3bb3},Maria Williamson,williamsonmaria,{d27912bb-f5f5-48dd-8b10-858add23694d}
{fbdec217-d9e9-4981-b701-b2fca1ca614c},Samuel Morrison,morrisonsamuel,{2538d4b3-11e2-4a0a-ad17-32fa54b177a7}
{36331d0c-4c04-4b53-9d94-8cf7dd13b7bf},Heather Peters,petersheather,{7d50d4e5-c340-4dce-b3b4-4eb74c8b8a25}
{9edfbbc5-d788-4527-9cb3-f54328d7d03d},Brian Stevens,stevensbrian,{d27912bb-f5f5-48dd-8b10-858add23694d}
{f6994374-3ca6-490e-b85d-74e4b047f181},Thomas Campbell,campbellthomas,{2538d4b3-11e2-4a0a-ad17-32fa54b177a7}
{c7f33068-2fa4-4ae2-9f3c-dd5c81a2b527},Martha Perry,perrymartha,{7d50d4e5-c340-4dce-b3b4-4eb74c8b8a25}
{2d203707-e272-4afc-9880-2af26de2b786},Bobby Bennett,bennettbobby,{d27912bb-f5f5-48dd-8b10-858add23694d}
{0ded09cb-524e-4140-8d2c-39f4c870c6cc},Amanda Brooks,brooksamanda,{2538d4b3-11e2-4a0a-ad17-32fa54b177a7}
{ca70e2c9-79b3-42fa-a48c-7f21877d11fb},Beverly Cook,cookbeverly,{7d50d4e5-c340-4dce-b3b4-4eb74c8b8a25}
{22b20e9a-4114-48a0-a0e8-99d799368c6e},Henry Gordon,gordonhenry,{d27912bb-f5f5-48dd-8b10-858add23694d}
{65808519-8f63-486e-9d70-4354c57e6ff5},Steve Martin,martinsteve,{2538d4b3-11e2-4a0a-ad17-32fa54b177a7}
